,ANOMES,E125SN4,V125SN4,E125SN8,V125SN8,E200SN4,V200SN4,E200SN8,V200SN8,E250SN4,V250SN4,E250SN8,V250SN8,E315SN4,V315SN4,E315SN8,V315SN8,E400SN4,V400SN4,E400SN8,V400SN4,E400SN8,V400SN8,E500SN4,V500SN8,E630SN4,V630SN4,E630SN8,V630SN8,E800SN4,V800SN4,E800SN8,V800SN8
0,2005-01,0.0,0.0,22776.0,10350.0,76752.0,99120.0,181680.0,313980.0,17616.0,14070,122160.0,53220.0,37440.0,60630.0,140168.0,233970.0,9408.0,24480.0,49624.0,24480.0,49624.0,75120.0,2520.0,11370.0,2952.0,2760.0,4512.0,6300.0,0.0,0.0,0.0,0.0
1,2005-02,0.0,0.0,29928.0,17670.0,76368.0,138690.0,425508.0,266942.4,4824.0,6540,76512.0,59490.0,38768.0,62610.0,125112.0,229350.0,8496.0,11520.0,40440.0,11520.0,40440.0,60180.0,888.0,8970.0,6456.0,5880.0,5352.0,11280.0,0.0,0.0,984.0,1170.0
2,2005-03,0.0,0.0,34080.0,36570.0,96216.0,96090.0,308184.0,459510.0,24144.0,21510,36648.0,165060.0,23760.0,54240.0,199752.0,138600.0,27576.0,25890.0,40944.0,25890.0,40944.0,30240.0,1440.0,23430.0,408.0,810.0,18000.0,5610.0,0.0,0.0,528.0,150.0
3,2005-04,0.0,0.0,36760.0,21030.0,138552.0,138750.0,303122.4,365662.39999999997,46776.0,28080,47568.0,84510.0,53832.0,55710.0,549792.0,148440.0,11976.0,6300.0,113472.0,6300.0,113472.0,51390.0,8136.0,11520.0,600.0,720.0,45840.0,10500.0,0.0,0.0,480.0,30.0
4,2005-05,0.0,0.0,63240.0,49590.0,61128.0,110670.0,770534.3999999999,516540.80000000005,7584.0,19680,137808.0,103440.0,26256.0,47460.0,110064.0,207450.0,6984.0,21900.0,75528.0,21900.0,75528.0,68100.0,2544.0,18630.0,4320.0,4920.0,24336.0,24540.0,2400.0,2160.0,864.0,1440.0
5,2005-06,0.0,0.0,37824.0,42390.0,113744.0,107940.0,583104.0,526590.0,31848.0,14640,57720.0,96540.0,71352.0,43170.0,109896.0,201300.0,26280.0,12330.0,31960.0,12330.0,31960.0,54750.0,9216.0,10890.0,4488.0,3780.0,9240.0,11790.0,96.0,960.0,432.0,0.0
6,2005-07,0.0,0.0,52512.0,48420.0,105912.0,109530.0,883876.0,469200.0,66768.0,39660,67464.0,71520.0,45456.0,43050.0,216264.0,170490.0,24912.0,23220.0,73520.0,23220.0,73520.0,49410.0,11616.0,10650.0,984.0,1170.0,9216.0,8010.0,0.0,0.0,1008.0,1260.0
7,2005-08,0.0,0.0,75648.0,59700.0,103608.0,109290.0,826272.0,413820.0,15624.0,39780,117168.0,68610.0,46632.0,61800.0,260952.0,191340.0,9096.0,13530.0,92544.0,13530.0,92544.0,49770.0,2232.0,7830.0,2736.0,3390.0,34272.0,19020.0,1872.0,2340.0,14352.0,2220.0
8,2005-09,0.0,0.0,48528.0,49650.0,131760.0,114600.0,454296.0,734610.0,15192.0,36870,155160.0,128250.0,61728.0,89250.0,176760.0,176310.0,25560.0,19680.0,50400.0,19680.0,50400.0,65850.0,12480.0,20910.0,6312.0,2850.0,14088.0,17430.0,96.0,120.0,10992.0,3060.0
9,2005-10,0.0,0.0,25392.0,59610.0,80112.0,132540.0,350074.39999999997,568252.3999999999,8232.0,20700,48960.0,130500.0,18744.0,48390.0,224512.0,265350.0,14976.0,21120.0,61747.200000000004,21120.0,61747.200000000004,82958.20000000001,5040.0,26580.0,288.0,5490.0,19856.0,17130.0,816.0,1020.0,2904.0,6060.0
10,2005-11,0.0,0.0,57072.0,48900.0,131280.0,122790.0,302688.0,557910.0,22800.0,29520,61512.0,63180.0,48160.0,53310.0,227080.0,210120.0,27536.0,18930.0,39072.0,18930.0,39072.0,66390.0,13320.0,26700.0,1296.0,90.0,17088.0,25170.0,0.0,-60.0,5760.0,7500.0
11,2005-12,0.0,0.0,21480.0,33480.0,55128.0,54120.0,199128.0,368580.0,19080.0,6870,57960.0,70680.0,18768.0,23790.0,105088.0,75600.0,11056.0,12900.0,43848.0,12900.0,43848.0,31170.0,1272.0,16050.0,480.0,660.0,16632.0,12930.0,0.0,0.0,6000.0,4140.0
12,2006-01,0.0,0.0,58032.0,53100.0,95328.0,94800.0,426264.0,458250.0,19800.0,19260,51360.0,73920.0,42336.0,34620.0,127200.0,147120.0,29904.0,22050.0,64464.0,22050.0,64464.0,52950.0,6936.0,27360.0,1656.0,1110.0,18192.0,12120.0,2856.0,1560.0,19824.0,14220.0
13,2006-02,0.0,0.0,60216.0,66420.0,57000.0,60780.0,650040.0,569670.0,22512.0,26550,66792.0,78180.0,47712.0,49680.0,136776.0,157950.0,17760.0,19380.0,36192.0,19380.0,36192.0,44580.0,4392.0,32550.0,4248.0,2580.0,6480.0,14820.0,0.0,0.0,5472.0,9450.0
14,2006-03,0.0,0.0,70992.0,48870.0,87744.0,72810.0,657808.0,351810.0,36936.0,36480,56400.0,54630.0,82056.0,67650.0,135744.0,146670.0,44040.0,29250.0,96600.0,29250.0,96600.0,80820.0,13848.0,15990.0,5664.0,8460.0,13032.0,12840.0,72.0,0.0,22920.0,8160.0
15,2006-04,0.0,0.0,51696.0,47490.0,73536.0,68880.0,233232.0,279480.0,20872.0,37110,47904.0,48210.0,30720.0,44940.0,199416.0,125310.0,28320.0,22950.0,64224.0,22950.0,64224.0,36000.0,3672.0,14700.0,2136.0,2310.0,21888.0,10290.0,1608.0,90.0,4344.0,5190.0
16,2006-05,0.0,0.0,96384.0,60480.0,73680.0,76590.0,481056.0,393930.0,102816.0,57600,76128.0,97620.0,66824.0,71550.0,197112.0,162480.0,32040.0,38520.0,53712.0,38520.0,53712.0,48120.0,5472.0,17220.0,2952.0,2100.0,39712.0,12390.0,744.0,90.0,15424.0,15300.0
17,2006-06,0.0,0.0,126504.0,86340.0,84840.0,92280.0,545664.0,402330.0,17664.0,52890,67848.0,58140.0,45144.0,44340.0,150328.0,141480.0,39696.0,22980.0,54968.0,22980.0,54968.0,58110.0,3840.0,27510.0,12600.0,870.0,13464.0,13200.0,5040.0,150.0,9288.0,9810.0
18,2006-07,0.0,0.0,31920.0,47910.0,64528.0,61170.0,371104.0,419940.0,19824.0,30600,86080.0,75330.0,74616.0,46470.0,259968.0,199320.0,13944.0,24180.0,147192.0,24180.0,147192.0,117600.0,1944.0,19800.0,1464.0,4800.0,23928.0,18870.0,3648.0,3810.0,8616.0,11280.0
19,2006-08,0.0,0.0,27168.0,36600.0,23880.0,97650.0,234944.0,323280.0,18936.0,17340,39840.0,52380.0,35048.0,33780.0,118248.0,197130.0,5416.0,27150.0,49440.0,27150.0,49440.0,70890.0,1488.0,15930.0,912.0,840.0,8256.0,16500.0,24.0,30.0,4344.0,4230.0
20,2006-09,0.0,0.0,48288.0,51660.0,72312.0,62910.0,360360.0,475020.0,20064.0,18210,58320.0,59010.0,76976.0,90930.0,172688.0,202350.0,6528.0,11460.0,109200.0,11460.0,109200.0,98520.0,3072.0,35220.0,14136.0,4830.0,11784.0,18690.0,1824.0,4380.0,4272.0,6240.0
21,2006-10,0.0,0.0,59088.0,45000.0,52320.0,52230.0,286360.0,424800.0,19912.0,23880,91200.0,67740.0,79232.0,78150.0,174624.0,147420.0,21688.0,11550.0,71296.0,11550.0,71296.0,91050.0,3184.0,27930.0,5448.0,4050.0,21960.0,16560.0,912.0,660.0,11424.0,7020.0
22,2006-11,0.0,0.0,27000.0,47700.0,47016.0,65070.0,264888.0,320640.0,21000.0,21330,81072.0,73530.0,43848.0,56250.0,198496.0,179280.0,24072.0,18180.0,84576.0,18180.0,84576.0,59760.0,2616.0,15930.0,2712.0,2730.0,37056.0,36180.0,480.0,600.0,10896.0,9630.0
23,2006-12,0.0,0.0,22872.0,25980.0,55944.0,49080.0,159840.0,228930.0,19344.0,13980,29784.0,41400.0,40152.0,37470.0,159576.0,87390.0,26592.0,18480.0,45672.0,18480.0,45672.0,38370.0,2088.0,9540.0,2256.0,2610.0,15096.0,16620.0,312.0,390.0,408.0,1500.0
24,2007-01,0.0,0.0,128376.0,70860.0,52488.0,66780.0,704184.0,366630.0,19040.0,25230,111480.0,56190.0,60589.600000000006,77100.0,213216.0,212220.0,31320.0,37650.0,89784.0,37650.0,89784.0,61920.0,7032.0,15090.0,10104.0,5190.0,20808.0,18930.0,672.0,840.0,8928.0,1410.0
25,2007-02,0.0,0.0,27432.0,39150.0,67488.0,56280.0,162344.0,326730.0,36960.0,17770,50280.0,57840.0,106848.0,50086.600000000006,97008.0,139650.0,28104.0,24720.0,44616.0,24720.0,44616.0,67650.0,25632.0,12300.0,8040.0,9450.0,5424.0,10320.0,528.0,660.0,960.0,2640.0
26,2007-03,0.0,0.0,62256.0,71310.0,57000.0,66000.0,250560.0,365250.0,20976.0,28410,60024.0,53460.0,55656.0,71100.0,172344.0,234720.0,18984.0,18000.0,48432.0,18000.0,48432.0,50400.0,7656.0,15270.0,3384.0,7320.0,12624.0,12540.0,1512.0,1710.0,5592.0,2970.0
27,2007-04,14616.0,7170.0,68280.0,57390.0,36312.0,56580.0,519672.0,297120.0,15696.0,37650,123600.0,69780.0,69048.0,61650.0,226464.0,168600.0,14472.0,21720.0,86376.0,21720.0,86376.0,42030.0,2400.0,22470.0,3264.0,570.0,12336.0,7560.0,936.0,180.0,5064.0,4500.0
28,2007-05,5328.0,7560.0,37224.0,54240.0,90648.0,87870.0,343560.0,307170.0,20208.0,17100,41856.0,57960.0,150288.0,125610.0,205032.0,163920.0,22464.0,16080.0,107232.0,16080.0,107232.0,76560.0,2600.0,16500.0,2376.0,3930.0,35016.0,15360.0,768.0,2130.0,5568.0,3690.0
29,2007-06,2928.0,3660.0,21648.0,35910.0,66384.0,61260.0,206784.0,334890.0,47040.0,36180,45456.0,56580.0,78072.0,123210.0,135552.0,188760.0,16992.0,16440.0,55632.0,16440.0,55632.0,69120.0,6240.0,22950.0,3456.0,6090.0,15048.0,18120.0,1584.0,1980.0,7848.0,7050.0
30,2007-07,7680.0,5430.0,32736.0,44250.0,105048.0,98580.0,223608.0,305910.0,24504.0,24540,92784.0,68370.0,79824.0,93810.0,149520.0,165180.0,41136.0,23580.0,80040.0,23580.0,80040.0,69540.0,9816.0,36060.0,5760.0,2550.0,15888.0,25380.0,5304.0,3600.0,8784.0,11520.0
31,2007-08,10128.0,19260.0,39280.0,51480.0,102984.0,79260.0,163400.0,219930.0,25416.0,32760,30528.0,50010.0,73056.0,68940.0,79104.0,119790.0,12072.0,17370.0,15816.0,17370.0,15816.0,44820.0,3984.0,17550.0,1608.0,1620.0,4104.0,10590.0,192.0,240.0,3000.0,4620.0
32,2007-09,10680.0,9510.0,21024.0,31920.0,66552.0,82410.0,221928.0,248970.0,27216.0,12330,81688.0,95460.0,93185.52,105180.0,142528.0,170910.0,17448.0,17460.0,137384.0,17460.0,137384.0,125340.0,7176.0,21510.0,6480.0,7680.0,7342.0,14100.0,648.0,540.0,2352.0,5070.0
33,2007-10,22032.0,15000.0,48720.0,54450.0,105240.0,132810.0,406488.0,429720.0,27288.0,46650,111792.0,100230.0,102880.0,98670.0,243384.0,240690.0,24048.0,26670.0,108984.0,26670.0,108984.0,84540.0,10848.0,21900.0,5688.0,4980.0,46248.0,20790.0,4056.0,2970.0,29064.0,10020.0
34,2007-11,16200.0,25710.0,50664.0,39990.0,37824.0,76440.0,328848.0,354690.0,35256.0,33390,62760.0,88890.0,56784.0,106680.0,265264.0,225390.0,31944.0,36990.0,112104.0,36990.0,112104.0,94110.0,6696.0,40170.0,6624.0,5160.0,14976.0,25080.0,48.0,60.0,5568.0,8040.0
35,2007-12,6072.0,9690.0,22344.0,27480.0,103704.0,44760.0,84240.0,308580.0,19296.0,12240,59688.0,30990.0,32184.0,40140.0,82296.0,121950.0,22968.0,17130.0,59592.0,17130.0,59592.0,63120.0,4968.0,11940.0,4680.0,2790.0,8832.0,11040.0,1776.0,150.0,4488.0,3660.0
36,2008-01,17160.0,18870.0,42408.0,52860.0,71232.0,112260.0,228352.0,233970.0,24144.0,32340,66000.0,84510.0,41856.0,54720.0,149544.0,151200.0,18816.0,23850.0,113712.0,23850.0,113712.0,79140.0,1752.0,21780.0,2760.0,6870.0,35040.0,18090.0,1104.0,1830.0,6720.0,2970.0
37,2008-02,70920.0,48300.0,104112.0,53730.0,139320.0,134790.0,696400.0,222300.0,36384.0,29460,240696.0,43110.0,39960.0,51570.0,168816.0,128280.0,24936.0,15210.0,74688.0,15210.0,74688.0,63210.0,3720.0,20460.0,3504.0,3810.0,17640.0,16560.0,552.0,1110.0,2688.0,1830.0
38,2008-03,10872.0,39120.0,55488.0,47370.0,93864.0,98820.0,391728.0,242370.0,34800.0,39750,86520.0,51240.0,52704.0,58320.0,134352.0,122640.0,33840.0,24510.0,44328.0,24510.0,44328.0,61890.0,2928.0,22380.0,9528.0,3900.0,14832.0,17490.0,1248.0,1560.0,3312.0,4140.0
39,2008-04,22104.0,35490.0,27840.0,34920.0,121392.0,143280.0,330964.0,264630.0,103872.0,37050,71460.0,99630.0,78960.0,62940.0,170769.8,167460.0,22920.0,36870.0,59992.0,36870.0,59992.0,77130.0,6696.0,21360.0,6240.0,11640.0,16224.0,14490.0,216.0,390.0,9464.0,8820.0
40,2008-05,15720.0,10200.0,19488.0,25050.0,53088.0,47490.0,358944.0,276240.0,71544.0,68850,48576.0,67170.0,62376.0,72600.0,63288.0,94020.0,24216.0,21900.0,42528.0,21900.0,42528.0,57480.0,4368.0,17070.0,7176.0,5940.0,3024.0,7500.0,408.0,390.0,2208.0,3330.0
41,2008-06,35472.0,16260.0,34800.0,30180.0,106488.0,73200.0,195312.0,218730.0,36672.0,24780,50112.0,51090.0,83016.0,66810.0,229200.0,129420.0,28560.0,21600.0,104944.0,21600.0,104944.0,60840.0,13632.0,21720.0,9120.0,4080.0,22152.0,8520.0,3072.0,360.0,25680.0,5370.0
42,2008-07,41952.0,56580.0,127520.0,42750.0,106056.0,111840.0,469512.0,333270.0,56832.0,61770,243240.0,113940.0,46128.0,70560.0,256968.0,186570.0,19560.0,28050.0,212280.0,28050.0,212280.0,102360.0,2760.0,34380.0,1632.0,3000.0,107328.0,41610.0,696.0,3420.0,65448.0,19560.0
43,2008-08,2640.0,7290.0,48240.0,27870.0,13968.0,38040.0,210216.0,171810.0,43944.0,34020,33144.0,34350.0,44976.0,36840.0,87000.0,93750.0,14520.0,15690.0,37512.0,15690.0,37512.0,48960.0,624.0,13140.0,7480.0,810.0,5232.0,8010.0,0.0,0.0,1728.0,900.0
44,2008-09,38688.0,36450.0,43992.0,66990.0,68424.0,80100.0,261264.0,382740.0,8472.0,26580,63192.0,94770.0,106944.0,101970.0,105888.0,157620.0,32760.0,23850.0,38568.0,23850.0,38568.0,81000.0,2688.0,21090.0,1680.0,2550.0,9624.0,10560.0,600.0,1080.0,1200.0,2850.0
45,2008-10,13852.0,15600.0,39528.0,48150.0,58032.0,75990.0,355092.0,384630.0,42456.0,31020,94068.0,76320.0,43488.0,63600.0,140532.0,125430.0,17520.0,19560.0,44856.0,19560.0,44856.0,60390.0,2496.0,20310.0,5952.0,8040.0,10860.0,9660.0,0.0,360.0,8544.0,5400.0
46,2008-11,5400.0,22740.0,34536.0,42840.0,51072.0,71400.0,135072.0,302520.0,12744.0,26580,112344.0,82230.0,48640.0,53340.0,166920.0,126480.0,31136.0,18690.0,100472.0,18690.0,100472.0,51330.0,3264.0,28080.0,5016.0,3960.0,25416.0,15180.0,696.0,870.0,17040.0,8790.0
47,2008-12,13440.0,18450.0,28128.0,26760.0,16944.0,33930.0,405948.0,238920.0,8880.0,10680,75600.0,33900.0,19056.0,25710.0,87780.0,83850.0,14784.0,9330.0,22596.0,9330.0,22596.0,45150.0,2760.0,28290.0,336.0,300.0,6252.0,4710.0,576.0,450.0,5760.0,1110.0
48,2009-01,15240.0,16710.0,28632.0,27120.0,59952.0,60510.0,201360.0,229260.0,24312.0,12990,83832.0,62910.0,198216.0,26370.0,180864.0,147960.0,84664.0,14100.0,57768.0,14100.0,57768.0,62040.0,32664.0,30780.0,29088.0,1410.0,20424.0,9030.0,13200.0,1080.0,20280.0,6240.0
49,2009-02,32808.0,18180.0,56544.0,42060.0,112056.0,53820.0,421664.0,221700.0,31920.0,22320,36696.0,18900.0,160704.0,89550.0,89184.0,68610.0,37056.0,7860.0,72720.0,7860.0,72720.0,51240.0,23880.0,12900.0,9552.0,5220.0,38520.0,16260.0,2976.0,3000.0,1080.0,3480.0
50,2009-03,30624.0,48270.0,67080.0,80940.0,114288.0,104190.0,369480.0,337770.0,21448.0,21990,172808.0,81150.0,67488.0,77880.0,307032.0,167160.0,98112.0,25230.0,84360.0,25230.0,84360.0,53250.0,600.0,10230.0,576.0,660.0,19368.0,12270.0,672.0,150.0,16152.0,6060.0
51,2009-04,13128.0,20970.0,42168.0,49410.0,78176.0,73690.0,393024.0,309270.0,14064.0,16710,135864.0,88770.0,90288.0,63810.0,257472.0,152370.0,16440.0,15690.0,97888.0,15690.0,97888.0,64230.0,9216.0,18780.0,2376.0,2580.0,9456.0,19710.0,336.0,630.0,4296.0,6210.0
52,2009-05,68952.0,28830.0,102312.0,88230.0,122712.0,74130.0,410544.0,330030.0,139336.0,24450,126480.0,61590.0,153768.0,70140.0,541212.0,169500.0,70952.0,30180.0,117216.0,30180.0,117216.0,61950.0,5736.0,16500.0,8664.0,6270.0,25320.0,13320.0,360.0,660.0,16152.0,6570.0
53,2009-06,22440.0,48390.0,62040.0,65820.0,70512.0,61290.0,882816.0,323340.0,44208.0,28350,100296.0,70530.0,166872.0,93450.0,225504.0,138240.0,52968.0,24660.0,71832.0,24660.0,71832.0,64470.0,13608.0,25470.0,4272.0,4020.0,28368.0,19440.0,0.0,0.0,11712.0,3840.0
54,2009-07,61296.0,48210.0,52752.0,49080.0,127672.0,115050.0,321720.0,278850.0,45016.0,34890,101736.0,55050.0,140112.0,104880.0,347856.0,177690.0,26736.0,28470.0,260280.0,28470.0,260280.0,88920.0,1680.0,48420.0,4896.0,2550.0,82464.0,37380.0,360.0,450.0,63696.0,28260.0
55,2009-08,11952.0,28530.0,30912.0,39180.0,72000.0,77490.0,193416.0,186570.0,38480.0,11310,70432.0,49590.0,91392.0,51330.0,191448.0,107220.0,63144.0,8310.0,73848.0,8310.0,73848.0,44640.0,5352.0,24930.0,6792.0,3600.0,20616.0,17940.0,0.0,0.0,13992.0,11460.0
56,2009-09,47352.0,56550.0,107904.0,80850.0,135384.0,156480.0,581536.0,497700.0,53512.0,57720,152952.0,76320.0,142152.0,72420.0,253136.0,188820.0,39288.0,28650.0,149400.0,28650.0,149400.0,61770.0,5520.0,11400.0,1200.0,240.0,15720.0,7470.0,0.0,0.0,1464.0,2400.0
57,2009-10,23400.0,43470.0,36648.0,70260.0,54312.0,85590.0,243048.0,342870.0,24024.0,20670,50136.0,47250.0,403584.0,111150.0,128904.0,120090.0,61968.0,28650.0,38688.0,28650.0,38688.0,42270.0,2640.0,18900.0,1056.0,420.0,10872.0,9600.0,0.0,0.0,6840.0,6510.0
58,2009-11,31176.0,30780.0,46992.0,51900.0,57256.0,44220.0,407904.0,246630.0,33816.0,21630,98880.0,53970.0,123216.0,100890.0,130944.0,72420.0,23472.0,20160.0,47280.0,20160.0,47280.0,32280.0,2880.0,8610.0,1608.0,1290.0,14160.0,11460.0,528.0,330.0,1752.0,2370.0
59,2009-12,95352.0,42120.0,32016.0,30450.0,162120.0,44760.0,210976.0,185280.0,9888.0,6270,78816.0,47520.0,75504.0,46170.0,186096.0,63180.0,45264.0,14430.0,87480.0,14430.0,87480.0,40230.0,3216.0,13590.0,1680.0,600.0,10752.0,3780.0,0.0,0.0,1440.0,420.0
60,2010-01,14016.0,28860.0,48456.0,35130.0,59184.0,79800.0,258680.0,170430.0,21960.0,14400,54744.0,56370.0,68880.0,49770.0,129144.0,114480.0,41952.0,5700.0,43488.0,5700.0,43488.0,52710.0,384.0,11880.0,528.0,570.0,13200.0,14700.0,816.0,510.0,1584.0,1470.0
61,2010-02,47424.0,39090.0,70296.0,49920.0,70680.0,58080.0,255744.0,231450.0,39600.0,11160,52464.0,73800.0,49656.0,33660.0,107208.0,152370.0,13280.0,19980.0,68720.0,19980.0,68720.0,38610.0,5928.0,10530.0,1488.0,1530.0,9312.0,7020.0,240.0,120.0,7392.0,2010.0
62,2010-03,7896.0,63240.0,43320.0,54750.0,88032.0,115080.0,227266.0,208680.0,35832.0,45270,49440.0,38160.0,83568.0,46800.0,237200.0,98700.0,35784.0,24720.0,123644.0,24720.0,123644.0,51930.0,2256.0,11010.0,14760.0,3150.0,46948.0,11760.0,0.0,0.0,2184.0,1080.0
63,2010-04,22224.0,49110.0,36792.0,41460.0,40752.0,69870.0,343296.0,222060.0,38688.0,19320,148416.0,43830.0,86496.0,60360.0,199680.0,83340.0,107448.0,44370.0,67128.0,44370.0,67128.0,45390.0,6768.0,10680.0,38352.0,10320.0,15408.0,13470.0,552.0,390.0,3432.0,300.0
64,2010-05,120600.0,86670.0,62136.0,82650.0,116736.0,121140.0,258432.0,356730.0,38016.0,36870,48768.0,45090.0,100896.0,71010.0,110976.0,129120.0,25776.0,35880.0,28464.0,35880.0,28464.0,41250.0,11376.0,8520.0,5424.0,4680.0,8832.0,5190.0,1008.0,240.0,1704.0,720.0
65,2010-06,8256.0,33540.0,32784.0,50070.0,64224.0,47970.0,133104.0,217770.0,34560.0,23610,52200.0,32010.0,47736.0,41010.0,176480.0,79740.0,23280.0,27120.0,110160.0,27120.0,110160.0,45930.0,3120.0,8370.0,1224.0,2820.0,13536.0,4350.0,96.0,60.0,5256.0,1440.0
66,2010-07,16368.0,31350.0,39816.0,50430.0,40512.0,47880.0,188112.0,185010.0,38560.0,22200,34296.0,43890.0,150504.0,56460.0,129456.0,104250.0,41448.0,23940.0,36192.0,23940.0,36192.0,58680.0,5208.0,10470.0,2496.0,5190.0,11592.0,9060.0,792.0,510.0,4800.0,3630.0
67,2010-08,10608.0,31710.0,24252.0,29115.0,47112.0,39360.0,90336.0,104250.0,38568.0,22500,35328.0,23700.0,117984.0,65730.0,72120.0,76920.0,33024.0,35340.0,30768.0,35340.0,30768.0,28380.0,7176.0,4380.0,19808.0,5490.0,5952.0,5040.0,72.0,90.0,912.0,690.0
68,2010-09,36216.0,62430.0,24600.0,30765.0,85464.0,88170.0,151944.0,153750.0,45048.0,22830,27216.0,18330.0,201696.0,113880.0,160744.0,101610.0,301896.0,23550.0,67680.0,23550.0,67680.0,36060.0,1608.0,9030.0,4752.0,5340.0,16608.0,6990.0,0.0,0.0,1560.0,480.0
69,2010-10,46032.0,46980.0,44136.0,39540.0,55776.0,50760.0,201696.0,196020.0,27072.0,20520,55296.0,29010.0,75480.0,99900.0,163224.0,103860.0,16488.0,16290.0,47184.0,16290.0,47184.0,30690.0,2664.0,6570.0,3939.6,7320.0,11784.0,9630.0,2688.0,1920.0,1128.0,180.0
70,2010-11,47136.0,78090.0,31584.0,38460.0,78432.0,89850.0,206928.0,174420.0,18600.0,14670,80640.0,46050.0,77200.0,55290.0,225864.0,83910.0,21264.0,17130.0,56280.0,17130.0,56280.0,29730.0,10944.0,13440.0,5568.0,5250.0,20792.0,13530.0,720.0,1320.0,936.0,480.0
71,2010-12,14592.0,43230.0,24936.0,29130.0,45504.0,48210.0,295992.0,234630.0,18192.0,14370,43080.0,26790.0,80872.0,27330.0,202680.0,46740.0,46608.0,10950.0,96504.0,10950.0,96504.0,29880.0,624.0,6450.0,3768.0,810.0,8160.0,2850.0,96.0,60.0,2352.0,960.0
72,2011-01,42360.0,32160.0,55008.0,31950.0,101040.0,87180.0,283416.0,232080.0,26784.0,17250,47928.0,36570.0,47016.0,27540.0,195048.0,143730.0,30384.0,30570.0,62640.0,30570.0,62640.0,53280.0,4120.0,15330.0,1824.0,5370.0,15360.0,10470.0,624.0,420.0,7296.0,1740.0
73,2011-02,12864.0,43860.0,19512.0,37680.0,41832.0,58860.0,87024.0,116970.0,19056.0,15030,50472.0,28590.0,69312.0,71670.0,74328.0,51480.0,8976.0,27090.0,64032.0,27090.0,64032.0,40410.0,4032.0,4320.0,2736.0,2700.0,5208.0,4170.0,96.0,60.0,5376.0,2550.0
74,2011-03,44592.0,59700.0,27456.0,57870.0,89136.0,55140.0,247800.0,181320.0,79200.0,34800,91488.0,39660.0,57120.0,43860.0,248064.0,117360.0,18648.0,19980.0,73224.0,19980.0,73224.0,44040.0,5184.0,6330.0,792.0,600.0,9528.0,4350.0,96.0,60.0,2400.0,3090.0
75,2011-04,79512.0,25320.0,23280.0,27930.0,58968.0,45390.0,96144.0,84420.0,12264.0,27390,23544.0,25260.0,57576.0,41910.0,133200.0,62220.0,30936.0,13380.0,71280.0,13380.0,71280.0,49230.0,744.0,12660.0,13056.0,3600.0,7200.0,7800.0,408.0,0.0,2832.0,420.0
76,2011-05,93936.0,74670.0,28200.0,29130.0,84624.0,67500.0,225360.0,140190.0,9888.0,9120,11760.0,12960.0,38592.0,36120.0,50648.0,81060.0,76272.0,12180.0,24384.0,12180.0,24384.0,27330.0,1392.0,9510.0,24.0,5910.0,7992.0,4920.0,0.0,510.0,1848.0,1410.0
77,2011-06,8232.0,37080.0,31056.0,30390.0,22608.0,39180.0,199380.0,131895.0,8088.0,10830,36204.0,26205.0,15408.0,20400.0,59148.0,51555.0,27360.0,32040.0,38940.0,32040.0,38940.0,20085.0,696.0,3630.0,1392.0,2550.0,53544.0,9240.0,144.0,60.0,96.0,120.0
78,2011-07,14928.0,34830.0,42944.0,54480.0,33024.0,62640.0,331592.0,160560.0,26424.0,6210,25632.0,23280.0,51960.0,34290.0,61464.0,42630.0,9744.0,13260.0,57624.0,13260.0,57624.0,21720.0,1320.0,3330.0,288.0,360.0,22536.0,6330.0,0.0,0.0,0.0,0.0
79,2011-08,21024.0,46770.0,24728.0,30900.0,46248.0,58140.0,109720.0,141270.0,10728.0,9870,33912.0,15030.0,37008.0,32790.0,68136.0,47670.0,318325.8,24240.0,37680.0,24240.0,37680.0,20670.0,576.0,4440.0,34776.0,9210.0,10584.0,16080.0,5328.0,540.0,984.0,1230.0
80,2011-09,43800.0,37680.0,81064.0,31320.0,54768.0,50820.0,643992.0,150930.0,26064.0,18660,70440.0,26490.0,57528.0,33840.0,106080.0,42570.0,19056.0,51870.0,52416.0,51870.0,52416.0,27030.0,5136.0,13320.0,9288.0,6570.0,9288.0,9840.0,24.0,1470.0,5712.0,1860.0
81,2011-10,17952.0,50220.0,13848.0,24690.0,24744.0,54900.0,158304.0,192870.0,13392.0,18870,26328.0,31440.0,24960.0,29640.0,88152.0,62280.0,14448.0,14670.0,47184.0,14670.0,47184.0,30900.0,3552.0,8190.0,1752.0,3900.0,17232.0,12930.0,576.0,2250.0,1176.0,1170.0
82,2011-11,29376.0,40620.0,75696.0,83550.0,30984.0,36900.0,242568.0,158580.0,9984.0,25590,33960.0,26820.0,23664.0,22260.0,91920.0,69930.0,12576.0,7980.0,47232.0,7980.0,47232.0,36330.0,336.0,10800.0,816.0,600.0,11056.0,5070.0,0.0,180.0,8160.0,3240.0
83,2011-12,47856.0,46320.0,27960.0,40290.0,36960.0,42780.0,121968.0,185520.0,6408.0,11310,15696.0,25380.0,7392.0,7680.0,37824.0,74940.0,1776.0,15630.0,13992.0,15630.0,13992.0,32820.0,528.0,7260.0,672.0,690.0,2616.0,14040.0,1176.0,0.0,3528.0,3270.0
84,2012-01,80928.0,56580.0,120312.0,50670.0,62232.0,30030.0,392208.0,248280.0,19032.0,8340,56448.0,38700.0,60480.0,35400.0,108792.0,54840.0,12480.0,14700.0,45696.0,14700.0,45696.0,27630.0,1944.0,15150.0,240.0,300.0,6840.0,3937.0,120.0,1530.0,1752.0,3420.0
85,2012-02,30360.0,66240.0,26592.0,62820.0,65832.0,61200.0,368808.0,341280.0,5832.0,12930,31248.0,40080.0,12912.0,27480.0,46824.0,94980.0,12888.0,14880.0,13848.0,14880.0,13848.0,37260.0,3456.0,10350.0,240.0,1830.0,5528.0,11910.0,0.0,0.0,1872.0,2130.0
86,2012-03,75192.0,42180.0,70608.0,85500.0,58512.0,71700.0,468632.0,259890.0,11496.0,13050,41040.0,35190.0,20808.0,22110.0,79032.0,59820.0,7896.0,6240.0,41424.0,6240.0,41424.0,15600.0,2088.0,6330.0,576.0,720.0,22992.0,7800.0,0.0,0.0,2640.0,720.0
87,2012-04,24000.0,57090.0,37408.0,27810.0,14544.0,30240.0,166104.0,171090.0,4320.0,6720,8272.0,15980.0,6840.0,10440.0,25284.0,29790.0,3984.0,4680.0,8184.0,4680.0,8184.0,12600.0,0.0,2790.0,0.0,0.0,4608.0,3060.0,0.0,0.0,888.0,1110.0
88,2012-05,9600.0,23280.0,21048.0,42120.0,44808.0,31800.0,286032.0,175740.0,7392.0,8370,24000.0,20280.0,11760.0,8730.0,31656.0,35580.0,2112.0,2940.0,32472.0,2940.0,32472.0,10380.0,480.0,6840.0,0.0,0.0,26568.0,6840.0,0.0,0.0,24.0,30.0
89,2012-06,17448.0,25890.0,52152.0,30780.0,15936.0,28350.0,314112.0,194100.0,13848.0,7230,20856.0,26610.0,11160.0,12930.0,16872.0,16050.0,8952.0,11190.0,19528.0,11190.0,19528.0,7200.0,4056.0,3840.0,3096.0,3870.0,29568.0,6060.0,0.0,0.0,13488.0,510.0
90,2012-07,38712.0,47070.0,37392.0,50880.0,33144.0,37950.0,395832.0,108330.0,7536.0,8220,33744.0,17640.0,27672.0,11940.0,102744.0,32970.0,5112.0,3480.0,38232.0,3480.0,38232.0,10050.0,72.0,9330.0,0.0,0.0,17856.0,3810.0,0.0,0.0,3864.0,2280.0
91,2012-08,30384.0,33240.0,21336.0,35430.0,25920.0,24060.0,146480.0,117360.0,7800.0,4710,27624.0,21720.0,30912.0,12750.0,25080.0,36060.0,7080.0,4050.0,8592.0,4050.0,8592.0,8520.0,288.0,6480.0,168.0,210.0,3168.0,0.0,0.0,0.0,456.0,480.0
92,2012-09,41136.0,54360.0,49584.0,40020.0,71712.0,66120.0,298032.0,210540.0,10824.0,6870,31392.0,29190.0,16536.0,21510.0,30192.0,17280.0,4080.0,3930.0,31704.0,3930.0,31704.0,8040.0,192.0,4200.0,2832.0,1530.0,17616.0,720.0,0.0,0.0,432.0,870.0
93,2012-10,24216.0,28260.0,18168.0,17700.0,21168.0,19260.0,168048.0,123300.0,10800.0,7290,12816.0,17040.0,11856.0,14280.0,16164.0,21450.0,12120.0,7110.0,4632.0,7110.0,4632.0,10410.0,1416.0,5910.0,912.0,930.0,1824.0,3510.0,0.0,0.0,600.0,1050.0
94,2012-11,72792.0,34440.0,50544.0,34230.0,64488.0,15930.0,311856.0,160590.0,4608.0,3690,34504.0,9330.0,18792.0,19560.0,39960.0,34095.0,5760.0,2310.0,4464.0,2310.0,4464.0,7620.0,4680.0,1980.0,240.0,0.0,4200.0,1500.0,0.0,0.0,144.0,0.0
95,2012-12,15768.0,35820.0,24240.0,22680.0,9120.0,11490.0,96096.0,123180.0,984.0,2670,17712.0,14370.0,5832.0,8550.0,28296.0,25755.0,1728.0,2220.0,5208.0,2220.0,5208.0,5520.0,168.0,3120.0,0.0,0.0,4392.0,1140.0,0.0,0.0,2112.0,330.0
96,2013-01,41712.0,21240.0,72504.0,81300.0,13752.0,27330.0,139320.0,195840.0,8064.0,9840,15168.0,27660.0,24456.0,28170.0,26544.0,37290.0,3048.0,6690.0,15096.0,6690.0,15096.0,15570.0,384.0,1110.0,0.0,0.0,3456.0,3240.0,24.0,0.0,840.0,630.0
97,2013-02,21336.0,53400.0,55200.0,43560.0,12480.0,30060.0,355392.0,191940.0,2592.0,3360,112872.0,16710.0,1800.0,3330.0,141888.0,41280.0,5496.0,4650.0,54864.0,4650.0,54864.0,10800.0,3984.0,2220.0,0.0,0.0,5400.0,3480.0,0.0,0.0,960.0,0.0
98,2013-03,19728.0,30420.0,52632.0,67170.0,22152.0,44940.0,191520.0,170460.0,7632.0,7500,51168.0,26790.0,9048.0,7260.0,45128.0,34680.0,2688.0,5400.0,13272.0,5400.0,13272.0,10350.0,96.0,6000.0,0.0,0.0,4248.0,3750.0,0.0,0.0,1224.0,870.0
99,2013-04,55992.0,41700.0,43704.0,36000.0,37440.0,26460.0,225024.0,141570.0,9240.0,9270,20736.0,23700.0,14256.0,16650.0,45012.0,35775.0,3552.0,2940.0,13656.0,2940.0,13656.0,4170.0,240.0,2310.0,1032.0,150.0,10464.0,9780.0,432.0,0.0,384.0,600.0
100,2013-05,10416.0,35430.0,86912.0,42510.0,23160.0,40410.0,284584.0,183270.0,8160.0,10320,42600.0,50790.0,13320.0,15450.0,44700.0,63840.0,4032.0,4710.0,22584.0,4710.0,22584.0,13140.0,768.0,5550.0,1584.0,2160.0,9072.0,7110.0,0.0,540.0,816.0,1080.0
101,2013-06,42096.0,46860.0,20904.0,28650.0,85032.0,47700.0,62160.0,142140.0,13512.0,11970,11376.0,22140.0,17952.0,16050.0,19416.0,37125.0,3024.0,4350.0,13104.0,4350.0,13104.0,16350.0,4992.0,3210.0,408.0,1170.0,5328.0,6150.0,0.0,0.0,744.0,930.0
102,2013-07,32808.0,47250.0,33504.0,32850.0,54936.0,71370.0,260944.0,126390.0,11664.0,15990,37776.0,37680.0,19632.0,26610.0,34296.0,43920.0,4392.0,6450.0,11904.0,6450.0,11904.0,19200.0,432.0,6180.0,504.0,870.0,27768.0,11370.0,0.0,0.0,5328.0,3840.0
103,2013-08,55584.0,51960.0,13104.0,25260.0,60000.0,34920.0,92256.0,125130.0,2688.0,6780,5808.0,8850.0,7200.0,4800.0,16008.0,17520.0,2160.0,1800.0,8568.0,1800.0,8568.0,12270.0,240.0,4920.0,168.0,210.0,1920.0,2490.0,0.0,0.0,336.0,2010.0
104,2013-09,59568.0,80250.0,39192.0,44850.0,34752.0,61140.0,111816.0,169320.0,10152.0,9030,23208.0,30960.0,26304.0,31050.0,39240.0,39750.0,6240.0,6720.0,28896.0,6720.0,28896.0,27240.0,528.0,7920.0,600.0,750.0,4608.0,5040.0,24.0,30.0,2136.0,660.0
105,2013-10,56208.0,67680.0,60888.0,59850.0,21960.0,48480.0,124032.0,181800.0,10272.0,10590,25176.0,21390.0,19872.0,25080.0,27775.2,33645.0,4272.0,5490.0,25948.8,5490.0,25948.8,31230.0,912.0,13800.0,936.0,1170.0,12451.2,9180.0,0.0,0.0,3312.0,2610.0
106,2013-11,69000.0,54840.0,39648.0,42180.0,35520.0,55320.0,167904.0,131447.40000000002,4104.0,3150,29532.0,40215.0,28656.0,31770.0,32664.0,36677.399999999994,7584.0,8040.0,21336.0,8040.0,21336.0,23747.399999999998,288.0,11267.400000000001,624.0,780.0,4320.0,11345.8,24.0,30.0,960.0,390.0
107,2013-12,10296.0,37410.0,22920.0,38850.0,42720.0,41910.0,87816.0,112230.0,5400.0,8190,8184.0,17520.0,9840.0,15810.0,29880.0,31320.0,2952.0,3720.0,19920.0,3720.0,19920.0,29370.0,72.0,5850.0,0.0,0.0,2256.0,2250.0,0.0,0.0,1632.0,2310.0
108,2014-01,64896.0,60030.0,62952.0,38070.0,23472.0,32730.0,702529.6,164250.0,8856.0,9960,33600.0,24570.0,9240.0,9810.0,88540.8,49470.0,4176.0,4980.0,23930.4,4980.0,23930.4,19440.0,720.0,6900.0,504.0,90.0,2390.3999999999996,3930.0,0.0,0.0,744.0,1230.0
109,2014-02,34344.0,33750.0,18624.0,15930.0,35688.0,37140.0,90720.0,158057.40000000002,6192.0,7020,11760.0,24360.0,13248.0,12720.0,53532.0,61442.399999999994,5496.0,5160.0,10704.0,5160.0,10704.0,15677.400000000001,816.0,3137.3999999999996,192.0,720.0,6624.0,11477.400000000001,0.0,0.0,3576.0,4710.0
110,2014-03,32448.0,39090.0,25080.0,18300.0,41808.0,46830.0,79608.0,129210.0,10584.0,13470,17544.0,27990.0,19344.0,21450.0,69252.0,63450.0,4632.0,6900.0,32772.0,6900.0,32772.0,27060.0,912.0,4260.0,0.0,0.0,6936.0,5010.0,0.0,0.0,4512.0,1920.0
111,2014-04,46440.0,52950.0,24744.0,32550.0,25248.0,35370.0,53952.0,110190.0,4224.0,5040,36600.0,18270.0,11088.0,15570.0,39924.0,42173.2,2664.0,3060.0,50136.0,3060.0,50136.0,26295.0,960.0,4650.0,0.0,0.0,5424.0,6480.0,48.0,60.0,7992.0,2250.0
112,2014-05,119712.0,50940.0,47400.0,54780.0,98112.0,52920.0,80496.0,171870.0,18168.0,13620,24720.0,36270.0,32112.0,30540.0,51876.0,66345.0,11592.0,12210.0,26328.0,12210.0,26328.0,33180.0,1728.0,2250.0,1656.0,240.0,5928.0,3180.0,0.0,0.0,816.0,1680.0
113,2014-06,29712.0,72180.0,37344.0,47070.0,21240.0,64680.0,170392.0,182520.0,7776.0,12990,48672.0,27090.0,12936.0,19830.0,50016.0,42975.0,6768.0,8940.0,30924.0,8940.0,30924.0,24630.0,24.0,4680.0,384.0,480.0,7272.0,4620.0,0.0,0.0,3216.0,1680.0
114,2014-07,35448.0,62160.0,43704.0,49980.0,37608.0,38550.0,85344.0,155370.0,10296.0,11880,13872.0,20430.0,23232.0,19350.0,69228.0,59805.0,3072.0,3810.0,7272.0,3810.0,7272.0,25575.0,864.0,6780.0,408.0,2340.0,3576.0,6900.0,0.0,0.0,3840.0,4890.0
115,2014-08,12096.0,38400.0,16752.0,29640.0,14904.0,31740.0,76512.0,49530.0,7008.0,9030,16872.0,9000.0,9984.0,14070.0,25416.0,37875.0,3432.0,3030.0,7212.0,3030.0,7212.0,9900.0,768.0,2880.0,432.0,300.0,1728.0,3660.0,48.0,0.0,960.0,3690.0
116,2014-09,49536.0,54090.0,17256.0,23070.0,37272.0,48150.0,81384.0,195510.0,4392.0,7230,18576.0,33690.0,21312.0,22710.0,57648.0,64695.0,12336.0,12630.0,32220.0,12630.0,32220.0,24225.0,672.0,6060.0,144.0,420.0,5112.0,9630.0,96.0,0.0,3144.0,2250.0
117,2014-10,50184.0,61500.0,32280.0,36150.0,36192.0,41820.0,74601.6,173880.0,11640.0,14280,41001.600000000006,26430.0,18144.0,22560.0,50724.0,47235.0,5040.0,6180.0,44256.0,6180.0,44256.0,34590.0,984.0,7740.0,1056.0,600.0,7320.0,6840.0,0.0,60.0,792.0,1290.0
118,2014-11,63576.0,63450.0,43408.0,35610.0,60264.0,53520.0,273840.0,135300.0,10920.0,8220,25944.0,32520.0,30576.0,24960.0,66320.0,65580.0,7992.0,7740.0,26872.0,7740.0,26872.0,19680.0,1920.0,9840.0,432.0,360.0,2544.0,2160.0,48.0,60.0,2832.0,2400.0
119,2014-12,33728.0,40200.0,48600.0,34620.0,23208.0,29220.0,176540.80000000002,82235.79999999999,6264.0,7590,40756.799999999996,22595.800000000003,20232.0,21030.0,25038.4,22145.800000000003,1896.0,4440.0,20678.4,4440.0,20678.4,16870.0,3600.0,2820.0,2112.0,3180.0,5904.0,4680.0,0.0,0.0,4176.0,3840.0
120,2015-01,37800.0,48840.0,53064.0,56940.0,39864.0,48120.0,179024.0,208230.0,7152.0,10170,15168.0,19140.0,23664.0,36510.0,46904.0,53040.0,3912.0,4980.0,14088.0,4980.0,14088.0,17940.0,3744.0,5340.0,408.0,0.0,3456.0,5100.0,240.0,0.0,2664.0,2430.0
121,2015-02,55968.0,62910.0,47906.0,35670.0,22056.0,28350.0,511680.0,227010.0,6552.0,8070,36600.0,17730.0,9132.0,10815.0,68210.0,37965.0,5496.0,7020.0,52572.0,7020.0,52572.0,14190.0,144.0,6270.0,408.0,900.0,6624.0,3990.0,96.0,300.0,4512.0,1950.0
122,2015-03,53904.0,52710.0,93432.0,43860.0,48168.0,53490.0,358412.80000000005,282425.80000000005,13032.0,15000,86232.0,42270.0,17496.0,17730.0,132052.8,73085.79999999999,4776.0,5160.0,36960.0,5160.0,36960.0,27585.0,2496.0,1920.0,528.0,660.0,12024.0,9780.0,48.0,60.0,2304.0,2880.0
123,2015-04,71544.0,84210.0,59952.0,39690.0,39096.0,25290.0,386632.0,253890.0,16056.0,10290,20880.0,27840.0,13992.0,18000.0,43876.0,59385.0,9072.0,9900.0,23196.0,9900.0,23196.0,18655.0,456.0,4860.0,384.0,480.0,5736.0,5700.0,0.0,0.0,5616.0,1710.0
124,2015-05,72024.0,64560.0,51960.0,55470.0,100296.0,40470.0,182490.4,289410.0,7824.0,8610,24576.0,33960.0,17520.0,11250.0,106502.4,63015.0,7080.0,5250.0,32048.0,5250.0,32048.0,37610.8,2400.0,2310.0,960.0,240.0,2784.0,2340.0,0.0,0.0,528.0,1680.0
125,2015-06,20352.0,44430.0,37744.0,34080.0,38640.0,43290.0,238056.0,104852.40000000001,5904.0,8040,14904.0,26638.199999999997,2808.0,7830.0,30804.0,46800.0,3408.0,3960.0,9816.0,3960.0,9816.0,18450.0,672.0,2760.0,0.0,960.0,1872.0,2640.0,24.0,30.0,360.0,720.0
126,2015-07,61368.0,53370.0,18336.0,16710.0,51480.0,28500.0,193320.0,142680.0,3480.0,3810,54989.600000000006,25362.399999999998,8568.0,10020.0,75775.20000000001,58043.200000000004,3840.0,7080.0,63020.799999999996,7080.0,63020.799999999996,48920.799999999996,1008.0,9540.0,96.0,120.0,7368.0,6270.0,0.0,0.0,4824.0,4650.0
127,2015-08,34368.0,42150.0,13272.0,16590.0,8400.0,23280.0,58368.0,114660.0,4992.0,4920,12912.0,34650.0,7128.0,7440.0,16656.0,24000.0,3480.0,2190.0,4872.0,2190.0,4872.0,13770.0,528.0,1500.0,384.0,0.0,840.0,1770.0,0.0,0.0,648.0,1590.0
128,2015-09,51480.0,72870.0,32976.0,28950.0,51432.0,50670.0,174448.0,159120.0,10920.0,10350,54864.0,34950.0,17664.0,17670.0,61236.0,49965.0,22512.0,19590.0,23496.0,19590.0,23496.0,15640.0,2568.0,3030.0,1128.0,1620.0,1752.0,1170.0,480.0,600.0,792.0,150.0
129,2015-10,43920.0,47640.0,29352.0,34530.0,35376.0,38400.0,126264.0,143730.0,5232.0,5820,23592.0,27540.0,10632.0,16560.0,60624.0,51540.0,2064.0,9990.0,35688.0,9990.0,35688.0,36967.399999999994,696.0,4710.0,0.0,0.0,4608.0,4290.0,0.0,0.0,4128.0,3180.0
130,2015-11,47400.0,65490.0,22800.0,22140.0,25872.0,30750.0,173796.0,174510.0,4320.0,4560,16680.0,18270.0,20724.0,14835.0,115020.0,95295.0,6600.0,4770.0,18072.0,4770.0,18072.0,17400.0,624.0,1920.0,408.0,510.0,3336.0,1830.0,0.0,0.0,96.0,90.0
131,2015-12,33408.0,37680.0,22632.0,34710.0,11280.0,19530.0,124824.0,90690.0,6672.0,9780,30312.0,37380.0,2088.0,9210.0,67888.0,55860.0,7056.0,8790.0,17448.0,8790.0,17448.0,13470.0,504.0,3900.0,0.0,0.0,3720.0,4230.0,0.0,0.0,1368.0,60.0
132,2016-01,46152.0,56190.0,15192.0,17460.0,25152.0,27720.0,91896.0,99630.0,4464.0,3180,52000.0,27990.0,10440.0,13710.0,59340.0,51495.0,1800.0,1170.0,21456.0,1170.0,21456.0,21720.0,456.0,5130.0,0.0,0.0,1104.0,2520.0,0.0,0.0,1032.0,750.0
133,2016-02,62208.0,74580.0,58968.0,28830.0,24000.0,28620.0,278440.0,118200.0,9744.0,13620,60312.0,36960.0,21924.0,23040.0,113388.0,53160.0,7800.0,11970.0,37560.0,11970.0,37560.0,14490.0,864.0,4350.0,0.0,0.0,8136.0,5130.0,0.0,0.0,2736.0,1500.0
134,2016-03,51696.0,53640.0,37752.0,30540.0,38856.0,43170.0,197136.0,135090.0,11544.0,12270,26784.0,31410.0,13968.0,18495.0,117588.0,67920.0,3792.0,4590.0,15444.0,4590.0,15444.0,17115.0,0.0,5670.0,192.0,240.0,5520.0,5700.0,0.0,0.0,2496.0,1800.0
135,2016-04,132648.0,84630.0,18720.0,30540.0,60624.0,37770.0,155328.0,128370.0,8352.0,9660,15432.0,29430.0,22704.0,12690.0,104616.0,66660.0,3528.0,3630.0,29832.0,3630.0,29832.0,20460.0,1272.0,1860.0,0.0,0.0,4824.0,7950.0,0.0,0.0,888.0,690.0
136,2016-05,20232.0,78660.0,24312.0,29070.0,11520.0,38430.0,72648.0,127350.0,4248.0,7590,15240.0,23610.0,3624.0,10890.0,41196.0,57090.0,1296.0,1710.0,7224.0,1710.0,7224.0,10740.0,504.0,3330.0,0.0,0.0,2400.0,2700.0,0.0,0.0,480.0,780.0
137,2016-06,32328.0,57120.0,33888.0,43980.0,21480.0,34440.0,72480.0,93270.0,8664.0,10800,30552.0,38190.0,28272.0,23370.0,58992.0,67950.0,6936.0,6990.0,14736.0,6990.0,14736.0,19650.0,240.0,2550.0,96.0,0.0,2256.0,1890.0,0.0,0.0,2112.0,2520.0
138,2016-07,41184.0,65310.0,20400.0,32790.0,33264.0,48840.0,143440.0,123300.0,10368.0,12540,16680.0,25110.0,10896.0,25170.0,59112.0,65520.0,4632.0,6990.0,15336.0,6990.0,15336.0,19410.0,960.0,5100.0,792.0,810.0,3312.0,4410.0,0.0,0.0,3360.0,3240.0
139,2016-08,55296.0,48300.0,9984.0,11400.0,30192.0,27510.0,80280.0,104250.0,9792.0,10440,19584.0,25650.0,13800.0,21180.0,36744.0,44790.0,5208.0,6600.0,10344.0,6600.0,10344.0,14670.0,336.0,3570.0,0.0,300.0,1416.0,1650.0,0.0,0.0,1392.0,810.0
140,2016-09,46968.0,67050.0,55104.0,50730.0,52872.0,67080.0,113400.0,118800.0,7872.0,10830,51816.0,35760.0,19584.0,20160.0,66300.0,66435.0,4392.0,4860.0,27408.0,4860.0,27408.0,28230.0,1296.0,4110.0,816.0,1020.0,5280.0,6810.0,24.0,30.0,1464.0,1710.0
141,2016-10,60360.0,72960.0,65520.0,50040.0,52056.0,60420.0,293928.0,165000.0,16584.0,13560,57264.0,26790.0,23088.0,25710.0,122076.0,80130.0,13936.0,7830.0,55312.0,7830.0,55312.0,26250.0,1872.0,12330.0,1728.0,660.0,13656.0,4140.0,48.0,60.0,5640.0,3120.0
142,2016-11,66576.0,80070.0,90993.6,53371.600000000006,36192.0,43020.0,737840.0,215910.0,11304.0,13890,52056.0,54270.0,20592.0,22830.0,71916.0,94740.0,6120.0,13260.0,28224.0,13260.0,28224.0,37380.0,1104.0,5820.0,192.0,240.0,1488.0,2190.0,0.0,0.0,192.0,240.0
143,2016-12,34248.0,46860.0,50736.0,35280.0,29400.0,30690.0,367008.0,246960.0,3840.0,6600,86952.0,38490.0,40536.0,23820.0,102624.0,72030.0,7512.0,6060.0,51960.0,6060.0,51960.0,19080.0,1584.0,6240.0,624.0,780.0,5808.0,5070.0,0.0,0.0,1392.0,1320.0
144,2017-01,112032.0,94110.0,85776.0,83700.0,71184.0,68280.0,291048.0,321630.0,16248.0,15450,71160.0,44100.0,42048.0,38340.0,258096.0,106500.0,8352.0,7680.0,35736.0,7680.0,35736.0,34920.0,912.0,10650.0,0.0,0.0,13936.0,15960.0,48.0,60.0,4272.0,2610.0
145,2017-02,19800.0,55680.0,58440.0,60210.0,39864.0,36090.0,186264.0,224190.0,9288.0,7770,71208.0,47910.0,18696.0,26880.0,117312.0,83685.0,7872.0,8190.0,46572.0,8190.0,46572.0,26130.0,1416.0,6840.0,192.0,240.0,9680.0,5160.0,600.0,750.0,8040.0,1860.0
146,2017-03,75096.0,63030.0,88008.0,62190.0,32160.0,51570.0,589536.0,319290.0,13512.0,17010,108168.0,67440.0,34512.0,38640.0,133836.0,76485.0,9168.0,8070.0,87384.0,8070.0,87384.0,28425.0,2088.0,11640.0,336.0,420.0,12024.0,12360.0,0.0,0.0,2664.0,1110.0
147,2017-04,110672.0,44280.0,49304.0,31350.0,86472.0,48030.0,210552.0,149280.0,18936.0,10080,23592.0,36330.0,32256.0,19815.0,80916.0,97230.0,4368.0,8640.0,10896.0,8640.0,10896.0,21930.0,528.0,9780.0,192.0,0.0,1560.0,7410.0,0.0,0.0,1440.0,2130.0
148,2017-05,64200.0,130440.0,97656.0,91470.0,56400.0,85680.0,773472.0,250890.0,15792.0,10110,102088.0,49890.0,17976.0,20250.0,268276.0,100920.0,9360.0,5100.0,119064.0,5100.0,119064.0,41220.0,1032.0,11940.0,0.0,0.0,20088.0,9150.0,0.0,0.0,4536.0,1740.0
149,2017-06,100560.0,94320.0,33576.0,50850.0,34080.0,0.0,272960.0,283740.0,6864.0,8880,86808.0,44280.0,13248.0,22350.0,63264.0,69030.0,4248.0,4320.0,35616.0,4320.0,35616.0,43230.0,672.0,6630.0,216.0,0.0,5112.0,3180.0,0.0,0.0,1272.0,2490.0
150,2017-07,58248.0,69720.0,47208.0,59640.0,13728.0,64920.0,275880.0,227520.0,9336.0,15600,47208.0,54990.0,20400.0,13890.0,68328.0,76560.0,4944.0,7110.0,31572.0,7110.0,31572.0,29010.0,48.0,12060.0,0.0,0.0,1152.0,1380.0,0.0,0.0,816.0,1770.0
151,2017-08,44112.0,68340.0,23448.0,33660.0,15648.0,2880.0,80832.0,95490.0,3864.0,3240,27624.0,38130.0,3024.0,19830.0,46272.0,58500.0,3264.0,2490.0,12648.0,2490.0,12648.0,15210.0,240.0,3990.0,0.0,0.0,3528.0,5100.0,0.0,0.0,432.0,2040.0
152,2017-09,63120.0,82920.0,363224.0,66990.0,40896.0,48330.0,1965752.0,259290.0,13344.0,15630,72768.0,67650.0,15000.0,15690.0,70440.0,100950.0,6168.0,8460.0,28488.0,8460.0,28488.0,36930.0,144.0,5550.0,0.0,0.0,6960.0,3990.0,0.0,0.0,4312.0,900.0
153,2017-10,81120.0,99030.0,106896.0,98550.0,37440.0,37350.0,1220066.0,264572.0,6480.0,10470,254928.0,61140.0,8352.0,17340.0,64920.0,77040.0,5784.0,8760.0,29328.0,8760.0,29328.0,31440.0,0.0,11010.0,0.0,0.0,4440.0,6630.0,0.0,0.0,2520.0,3330.0
154,2017-11,58008.0,73860.0,56704.0,82620.0,9000.0,6900.0,321880.0,287760.0,7152.0,9540,40464.0,60930.0,3792.0,5700.0,79748.0,88815.0,4008.0,3510.0,44136.0,3510.0,44136.0,30900.0,0.0,8340.0,0.0,0.0,3624.0,3450.0,0.0,0.0,2856.0,2790.0
155,2017-12,31860.0,35760.0,114792.0,45120.0,2880.0,0.0,3291888.0,295710.0,1728.0,2160,68832.0,29610.0,3120.0,4680.0,183948.0,64770.0,2040.0,4050.0,64656.0,4050.0,64656.0,20130.0,0.0,3780.0,192.0,0.0,7560.0,1890.0,0.0,0.0,2256.0,1500.0
156,2018-01,98856.0,91860.0,131160.0,80580.0,108072.0,35700.0,502632.0,359310.0,37104.0,9210,984096.0,116400.0,24912.0,15300.0,278236.0,92520.0,3912.0,3990.0,120528.0,3990.0,120528.0,29850.0,48.0,6720.0,0.0,0.0,5712.0,3060.0,0.0,0.0,6408.0,1290.0
157,2018-02,43632.0,87120.0,49056.0,58050.0,1680.0,3330.0,171984.0,301350.0,1728.0,13230,33696.0,52620.0,6648.0,16200.0,56760.0,77670.0,2640.0,2190.0,17568.0,2190.0,17568.0,24330.0,0.0,10740.0,408.0,0.0,3504.0,5910.0,0.0,0.0,1752.0,2220.0
158,2018-03,50760.0,61680.0,35928.0,58080.0,3624.0,30810.0,165736.0,258660.0,5928.0,6600,31104.0,60510.0,6816.0,10560.0,28632.0,50640.0,4320.0,4860.0,16464.0,4860.0,16464.0,10050.0,192.0,6150.0,0.0,0.0,3720.0,4680.0,0.0,0.0,600.0,1350.0
159,2018-04,65232.0,79890.0,98088.0,61800.0,7224.0,27540.0,790536.0,158730.0,3168.0,8430,44448.0,48810.0,9084.0,14835.0,55728.0,60690.0,2736.0,4980.0,53688.0,4980.0,53688.0,25200.0,0.0,11580.0,0.0,0.0,4200.0,6420.0,0.0,0.0,984.0,990.0
160,2018-05,131928.0,74820.0,74544.0,68040.0,165984.0,40110.0,221640.0,339030.0,9672.0,4170,99720.0,63270.0,17088.0,6750.0,333036.0,108435.0,2976.0,4080.0,178416.0,4080.0,178416.0,27390.0,336.0,9150.0,0.0,0.0,9384.0,3390.0,0.0,0.0,4992.0,1740.0
161,2018-06,91488.0,121590.0,106416.0,117180.0,60048.0,21090.0,248488.0,336330.0,15720.0,7440,90792.0,63600.0,9900.0,6960.0,217416.0,113520.0,5640.0,450.0,48840.0,450.0,48840.0,22050.0,1128.0,3600.0,0.0,0.0,5016.0,3630.0,0.0,0.0,984.0,690.0
162,2018-07,68484.0,82110.0,48864.0,84180.0,13200.0,46050.0,157296.0,279090.0,2472.0,7170,50784.0,64980.0,3168.0,12810.0,62904.0,93390.0,3528.0,6960.0,20664.0,6960.0,20664.0,36090.0,0.0,12420.0,96.0,0.0,11040.0,6240.0,0.0,0.0,2112.0,3570.0
163,2018-08,37152.0,45480.0,31536.0,50280.0,9600.0,18210.0,81480.0,216090.0,4032.0,2580,22320.0,46920.0,2376.0,1890.0,34992.0,60690.0,1872.0,1170.0,11844.0,1170.0,11844.0,25275.0,0.0,11430.0,0.0,0.0,4392.0,9210.0,0.0,0.0,168.0,1680.0
164,2018-09,134136.0,54450.0,225408.0,71250.0,20640.0,0.0,463548.0,282690.0,13296.0,8280,61800.0,49500.0,12408.0,5055.0,131976.0,89760.0,3840.0,4890.0,65604.0,4890.0,65604.0,33705.0,720.0,15000.0,0.0,0.0,8616.0,7230.0,0.0,0.0,3000.0,1830.0
165,2018-10,16536.0,64140.0,38400.0,110130.0,31920.0,57840.0,129912.0,356760.0,5160.0,2220,60312.0,88560.0,6144.0,8520.0,98192.0,64785.0,3744.0,4590.0,51528.0,4590.0,51528.0,33600.0,0.0,15540.0,0.0,0.0,3576.0,5040.0,0.0,0.0,2304.0,2310.0
166,2018-11,22992.0,69510.0,42192.0,78450.0,20760.0,21420.0,96048.0,342840.0,1632.0,7440,35904.0,104430.0,4656.0,11850.0,51288.0,97485.0,2592.0,3900.0,15756.0,3900.0,15756.0,28845.0,96.0,4680.0,192.0,0.0,3912.0,3600.0,0.0,0.0,0.0,1380.0
167,2018-12,175008.0,34230.0,65496.0,72630.0,77352.0,5670.0,132424.8,204770.80000000002,16320.0,2520,18624.0,15570.0,14424.0,4890.0,122676.0,46080.0,1416.0,270.0,18432.0,270.0,18432.0,20940.0,480.0,6390.0,0.0,0.0,8856.0,2880.0,0.0,0.0,456.0,270.0
168,2019-01,15240.0,68130.0,50160.0,114870.0,8544.0,25860.0,178896.0,253410.0,5424.0,6780,34608.0,65970.0,9288.0,13500.0,104888.0,92970.0,4104.0,3780.0,23328.0,3780.0,23328.0,30480.0,0.0,10050.0,0.0,0.0,2760.0,7200.0,0.0,0.0,3432.0,3270.0
169,2019-02,33840.0,71460.0,70128.0,72390.0,5568.0,36930.0,123192.0,181530.0,2520.0,3540,44512.0,51450.0,3456.0,15630.0,75240.0,93810.0,3624.0,4410.0,40968.0,4410.0,40968.0,48120.0,0.0,6210.0,0.0,0.0,6720.0,7860.0,0.0,0.0,120.0,630.0
170,2019-03,346056.0,73920.0,156276.0,101670.0,110976.0,38340.0,486324.0,231600.0,11520.0,8790,48936.0,47370.0,50112.0,10620.0,133842.0,71160.0,3792.0,3600.0,53784.0,3600.0,53784.0,29670.0,1188.0,13980.0,0.0,0.0,9504.0,8400.0,0.0,0.0,1824.0,1110.0
171,2019-04,14892.0,53010.0,42096.0,61860.0,12600.0,8160.0,133288.8,228210.0,1752.0,6840,43848.0,49410.0,2376.0,4920.0,47976.0,61980.0,4476.0,3210.0,17304.0,3210.0,17304.0,23190.0,0.0,9060.0,0.0,0.0,4488.0,6690.0,0.0,0.0,96.0,-90.0
172,2019-05,39816.0,90450.0,83928.0,111060.0,21720.0,43800.0,304304.0,248820.0,11136.0,12720,62472.0,44220.0,4776.0,6030.0,140824.0,89550.0,3384.0,3720.0,39990.0,3720.0,39990.0,23310.0,48.0,13620.0,0.0,0.0,6424.0,4500.0,0.0,0.0,5160.0,1860.0
173,2019-06,22848.0,64800.0,53784.0,84720.0,10560.0,27270.0,285096.0,128430.0,4320.0,8400,53776.0,45600.0,5376.0,11040.0,50848.0,70440.0,4752.0,3150.0,34824.0,3150.0,34824.0,32160.0,0.0,6630.0,0.0,0.0,5736.0,2520.0,0.0,0.0,1200.0,840.0
174,2019-07,27648.0,65010.0,69456.0,74460.0,11328.0,29790.0,99024.0,177450.0,4656.0,8880,41376.0,55980.0,8568.0,7380.0,70416.0,64170.0,7536.0,6810.0,23136.0,6810.0,23136.0,20400.0,0.0,7620.0,216.0,0.0,1824.0,2760.0,0.0,0.0,960.0,1110.0
175,2019-08,16200.0,39600.0,24960.0,44850.0,3360.0,12960.0,55752.0,83130.0,648.0,3450,16176.0,33000.0,3552.0,6450.0,26088.0,45300.0,2592.0,3210.0,14712.0,3210.0,14712.0,20400.0,672.0,8250.0,0.0,0.0,3936.0,5250.0,0.0,0.0,0.0,600.0
176,2019-09,68436.0,75240.0,36360.0,85890.0,24624.0,30450.0,113088.0,188580.0,2184.0,2970,25488.0,39330.0,1152.0,9750.0,40728.0,53820.0,4896.0,9840.0,9384.0,9840.0,9384.0,16470.0,0.0,4530.0,0.0,0.0,4104.0,4230.0,0.0,0.0,576.0,660.0
177,2019-10,45984.0,69150.0,52080.0,91350.0,30960.0,30480.0,93720.0,189510.0,6288.0,5940,59904.0,39630.0,10992.0,14100.0,54864.0,58500.0,6960.0,4230.0,19026.0,4230.0,19026.0,21780.0,144.0,7890.0,0.0,0.0,6408.0,5040.0,0.0,0.0,624.0,660.0
178,2019-11,45900.0,27096.0,24822.0,42576.0,12240.0,10752.0,105522.0,91200.0,1152.0,2736,18018.0,32088.0,5148.0,5064.0,26136.0,41640.0,918.0,2280.0,8010.0,2280.0,8010.0,14280.0,0.0,6792.0,0.0,0.0,3978.0,7248.0,0.0,0.0,1656.0,912.0
179,2019-12,41388.0,23382.0,25584.0,22518.0,21372.0,13860.0,35064.0,70074.0,4032.0,882,13476.0,21312.0,7464.0,5076.0,29748.0,21654.0,1224.0,756.0,7356.0,756.0,7356.0,4032.0,0.0,4680.0,0.0,0.0,1716.0,2124.0,48.0,0.0,2220.0,1980.0
180,2020-01,14280.0,35064.0,105768.0,36276.0,4560.0,7680.0,413604.0,62472.0,1812.0,2604,52800.0,14052.0,1440.0,2520.0,91956.0,25920.0,936.0,1164.0,44232.0,1164.0,44232.0,9660.0,0.0,5400.0,0.0,0.0,8052.0,1512.0,0.0,0.0,1572.0,1356.0
181,2020-02,6474.0,5298.0,15012.0,7800.0,2136.0,8046.0,123108.0,37224.0,1092.0,1572,11832.0,9192.0,1212.0,1782.0,16902.0,12276.0,378.0,0.0,14436.0,0.0,14436.0,7464.0,0.0,2910.0,0.0,0.0,3966.0,702.0,0.0,0.0,1002.0,96.0
