DATA,VD125,VD160,VD200,VD250,VD315,VD400,VD500,VD630,VD800
2005-01-09,0.0,346.8,4386.0,354.0,1465.2,544.8,194.4,43.2,0.0
2005-01-16,40.8,9.6,4678.8,344.4,3325.2,849.6,51.6,3.6,0.0
2005-01-23,0.0,1310.4,2677.2,286.8,3816.0,1687.2,262.8,146.4,0.0
2005-01-30,366.0,434.4,3332.4,1749.6,3028.8,758.4,118.8,169.2,0.0
2005-02-06,139.2,277.2,5863.2,86.4,2179.2,950.4,105.6,249.6,0.0
2005-02-13,154.5,1302.0,2592.0,2104.5,4164.0,693.0,283.5,148.5,0.0
2005-02-20,141.6,649.2,3918.8,98.4,3571.2,932.4,44.4,158.4,0.0
2005-02-27,139.2,249.6,4090.0,468.0,2564.4,662.4,6.0,151.2,46.8
2005-03-06,420.0,55.2,5047.2,1309.2,1465.2,254.4,165.6,61.2,0.0
2005-03-13,577.2,0.0,5011.2,1160.4,2248.8,350.4,427.2,127.2,0.0
2005-03-20,171.6,2132.4,2953.2,3093.6,925.2,1138.8,294.0,64.8,0.0
2005-03-27,213.0,300.0,6522.0,1749.0,3145.5,280.5,106.5,0.0,7.5
2005-04-03,526.5,178.5,8977.5,1345.5,1173.0,591.0,286.5,85.5,0.0
2005-04-10,164.4,12.0,5353.2,564.0,1978.8,511.2,178.8,190.8,0.0
2005-04-17,321.6,2077.2,3279.6,1306.8,2463.6,826.8,313.2,128.4,1.2
2005-04-24,22.8,1507.2,5615.4,1450.8,2155.2,325.2,16.8,76.8,0.0
2005-05-01,378.0,1383.0,5751.25,1171.5,1752.0,694.5,130.5,16.5,0.0
2005-05-08,50.4,1416.0,4763.4,1266.0,4182.0,963.6,450.0,351.6,14.4
2005-05-15,670.8,1671.6,5141.6,1238.4,2502.0,734.4,324.0,380.4,10.8
2005-05-22,177.6,1124.4,6064.2,1668.0,1447.2,867.6,114.0,165.6,14.4
2005-05-29,654.0,1299.0,5703.0,502.5,1716.0,1153.5,75.0,246.0,76.5
2005-06-05,1225.2,1861.2,7483.2,1124.4,1893.6,975.6,127.2,139.2,64.8
2005-06-12,399.0,997.5,5965.5,1248.0,1368.0,604.5,72.0,0.0,0.0
2005-06-19,326.4,603.6,6052.8,950.4,2048.4,736.8,172.8,124.8,0.0
2005-06-26,308.4,1333.2,4544.4,529.2,2716.8,411.6,175.2,266.4,16.8
2005-07-03,108.0,862.8,7620.0,1530.0,3184.8,212.4,127.2,176.4,0.0
2005-07-10,350.4,1486.8,5319.6,1162.8,2616.0,649.2,79.2,128.4,21.6
2005-07-17,417.6,1536.0,5179.2,1154.4,1286.4,925.2,144.0,116.4,0.0
2005-07-24,578.4,758.4,7381.2,960.0,1833.6,591.6,184.8,36.0,28.8
2005-07-31,560.4,405.6,4806.0,835.2,2338.8,714.0,297.6,86.4,0.0
2005-08-07,565.2,1095.6,4514.4,1042.8,2916.0,897.6,70.8,38.4,0.0
2005-08-14,523.2,974.4,5935.2,814.8,1738.8,427.2,28.8,246.0,46.8
2005-08-21,586.5,1479.0,4944.0,985.5,1002.0,697.5,201.0,198.0,27.0
2005-08-28,708.0,789.6,4636.8,663.6,2506.8,258.0,60.0,158.4,49.2
2005-09-04,243.6,1698.0,5774.4,1310.4,2991.6,889.2,250.8,384.0,81.6
2005-09-11,303.6,1018.8,8770.8,1299.6,2452.8,942.0,231.6,237.6,0.0
2005-09-18,414.0,801.6,6151.2,1730.4,2572.8,434.4,429.6,277.2,15.6
2005-09-25,968.4,2329.2,8982.0,1785.6,3535.2,1262.4,309.6,156.0,106.8
2005-10-02,178.8,1467.6,6410.4,1528.8,1454.4,308.4,399.6,51.6,9.6
2005-10-09,1350.0,2211.0,9823.5,2089.5,3168.0,1296.0,561.0,30.0,0.0
2005-10-16,526.8,1472.4,5365.2,1215.6,3274.8,1327.2,219.6,157.2,72.0
2005-10-23,339.6,1022.4,7610.4,1887.6,2154.0,1099.2,427.2,441.6,100.8
2005-10-30,438.0,810.0,6180.0,1086.0,3416.4,674.4,469.2,238.8,100.8
2005-11-06,121.5,733.75,6632.5,939.0,4204.5,655.75,256.5,507.0,12.0
2005-11-13,619.2,678.0,5846.4,974.4,1863.6,1070.4,234.0,172.8,0.0
2005-11-20,316.0,1451.0,5747.0,861.0,2313.0,870.0,185.0,256.0,243.0
2005-11-27,627.6,1287.6,5229.6,626.4,2160.0,475.2,529.2,139.2,8.4
2005-12-04,373.5,456.0,6516.0,778.5,2086.5,621.0,493.5,61.5,0.0
2005-12-11,898.5,384.0,5655.0,640.5,987.0,660.0,277.5,33.0,6.0
2005-12-18,172.8,498.0,6088.8,595.2,1458.0,783.6,286.8,255.6,34.8
2005-12-25,295.2,620.4,3705.6,910.8,480.0,190.8,50.4,80.4,108.0
2006-01-01,122.4,301.2,2343.6,970.8,1123.2,159.6,195.6,170.4,18.0
2006-01-08,511.2,573.6,4034.4,680.4,1501.2,603.6,114.0,76.8,86.4
2006-01-15,735.6,708.0,4773.6,768.0,1284.0,535.2,254.4,124.8,37.2
2006-01-22,582.0,1268.4,4501.2,1414.8,1940.4,591.6,309.6,134.4,310.8
2006-01-29,97.2,619.2,5671.2,685.2,1885.2,885.6,649.2,174.0,105.6
2006-02-05,592.0,1923.0,4921.0,670.0,1566.0,759.0,246.0,164.0,135.0
2006-02-12,544.8,1278.0,5646.0,1213.2,1574.4,548.4,279.6,100.8,111.6
2006-02-19,492.0,1011.6,5594.4,1212.0,2661.6,834.0,423.6,138.0,82.8
2006-02-26,813.6,1164.0,9930.0,1045.2,2361.6,591.6,440.4,270.0,108.0
2006-03-05,961.5,1144.5,4845.0,508.5,2113.5,880.5,544.5,165.0,135.0
2006-03-12,397.2,1616.4,4492.8,1129.2,939.6,986.4,157.2,422.4,135.6
2006-03-19,416.4,1566.0,3669.6,930.0,2282.4,744.0,118.8,111.6,1.2
2006-03-26,285.6,705.6,3714.0,645.6,1851.6,1459.2,217.2,117.6,21.6
2006-04-02,380.4,320.4,2564.4,652.8,2353.2,609.6,64.8,78.0,64.8
2006-04-09,700.8,1042.8,4893.6,1074.0,2017.2,694.8,172.8,186.0,60.0
2006-04-16,295.5,748.5,3403.5,525.0,2085.0,837.0,232.5,109.5,115.5
2006-04-23,729.0,3873.0,3561.0,964.5,1645.5,618.0,93.0,54.0,54.0
2006-04-30,474.0,996.0,4336.5,1434.0,2260.5,645.0,319.5,234.0,19.5
2006-05-07,813.0,829.5,4624.5,871.5,1713.0,933.0,195.0,159.0,54.0
2006-05-14,620.4,1222.8,4816.8,1473.6,2247.6,734.4,230.4,132.0,145.2
2006-05-21,290.4,830.4,2043.6,1767.6,1754.4,734.4,106.8,133.2,147.6
2006-05-28,385.2,1954.8,6320.4,1268.4,2698.8,906.0,234.0,128.4,184.8
2006-06-04,1749.6,638.4,3844.8,1242.0,2713.2,702.0,144.0,76.8,123.6
2006-06-11,279.6,619.2,3493.2,1850.4,1299.6,536.4,336.0,198.0,145.2
2006-06-18,720.0,793.5,5188.5,978.0,2523.0,811.5,273.0,93.0,42.0
2006-06-25,756.0,858.0,4836.0,694.8,1611.6,1082.4,326.4,67.2,91.2
2006-07-02,565.2,1460.4,5601.6,873.6,1090.8,618.0,211.2,205.2,111.6
2006-07-09,374.4,628.8,2905.2,988.8,1198.8,1569.6,303.6,252.0,115.2
2006-07-16,309.6,1207.2,4190.4,964.8,1766.4,1165.2,205.2,80.4,152.4
2006-07-23,568.8,961.2,6692.4,972.0,2222.4,1317.6,190.8,273.6,100.8
2006-07-30,193.2,1392.0,4573.2,1077.6,3586.8,1476.0,274.8,334.8,148.8
2006-08-06,782.4,1161.6,5211.6,615.6,3348.0,1267.2,355.2,148.8,130.8
2006-08-13,127.2,1837.2,6110.4,602.4,2156.4,776.4,168.0,258.0,54.0
2006-08-20,300.0,805.5,3258.0,345.0,1822.5,286.5,111.0,130.5,9.0
2006-08-27,582.0,486.0,2049.6,912.0,1513.2,1239.6,70.8,175.2,44.4
2006-09-03,190.0,254.0,2005.0,538.0,1845.0,751.0,164.0,132.0,36.0
2006-09-10,530.4,2072.4,5797.2,838.8,3031.2,667.2,481.2,105.6,80.4
2006-09-17,621.6,937.2,4513.2,266.4,2236.8,685.2,136.8,91.2,92.4
2006-09-24,462.0,1587.6,6062.4,1176.0,2533.2,1464.0,286.8,379.2,54.0
2006-10-01,427.2,1070.4,4686.0,778.8,3534.0,1278.0,540.0,226.8,175.2
2006-10-08,480.0,1071.0,4344.0,685.5,2110.5,1623.0,420.0,186.0,6.0
2006-10-15,667.2,932.4,8067.6,1042.8,2684.4,735.6,242.4,196.8,81.6
2006-10-22,204.0,1082.4,3208.8,991.2,2032.8,670.8,247.2,200.4,66.0
2006-10-29,480.0,506.4,2574.0,831.6,2271.6,895.2,248.4,169.2,92.4
2006-11-05,186.0,456.0,4785.0,817.5,1263.0,961.5,172.5,307.5,129.0
2006-11-12,752.4,848.4,2868.0,956.4,1650.0,423.6,262.8,346.8,43.2
2006-11-19,376.8,976.8,4005.6,1342.8,2560.8,826.8,105.6,367.2,14.4
2006-11-26,582.0,1112.4,5156.4,547.2,2463.6,943.2,199.2,398.4,205.2
2006-12-03,141.0,393.0,1680.0,681.0,2832.0,949.5,178.5,492.0,159.0
2006-12-10,204.0,427.5,2296.5,615.0,1233.0,439.5,66.0,327.0,64.5
2006-12-17,417.6,697.2,3260.4,603.6,1998.0,987.6,220.8,333.6,18.0
2006-12-24,336.0,642.0,5078.4,606.0,1848.0,811.2,87.6,174.0,9.6
2006-12-31,204.0,144.0,1734.0,856.0,702.0,266.0,138.0,0.0,0.0
2007-01-07,583.5,729.0,3381.0,336.0,2097.0,505.5,115.5,111.0,0.0
2007-01-14,312.0,1390.8,3177.6,774.0,2836.8,918.0,198.0,279.6,16.8
2007-01-21,1005.6,1376.4,3994.8,1040.4,3122.4,1102.8,267.6,198.0,1.2
2007-01-28,621.6,1318.8,4394.4,480.0,2106.0,1186.8,217.2,177.6,50.4
2007-02-04,472.8,956.4,4338.0,1124.4,2674.8,962.4,180.0,370.8,28.8
2007-02-11,520.8,1173.6,3418.8,616.8,1582.2,1249.2,61.2,207.6,87.6
2007-02-18,613.2,1476.0,6265.2,728.4,2349.6,934.8,354.0,112.8,33.6
2007-02-25,414.0,504.0,3387.0,1171.5,1870.5,795.0,138.0,151.5,1.5
2007-03-04,423.6,926.4,3067.2,402.0,1897.2,483.6,416.4,295.2,14.4
2007-03-11,794.4,1309.2,3979.2,489.6,2301.6,589.2,259.2,72.0,33.6
2007-03-18,982.8,1437.6,5065.2,883.2,2926.8,434.4,192.0,165.6,39.6
2007-03-25,302.4,856.8,3512.4,967.2,3410.4,1034.4,205.2,264.0,76.8
2007-04-01,417.6,1228.8,3360.0,942.0,3337.2,720.0,202.8,199.2,25.2
2007-04-08,586.5,2133.0,3409.5,946.5,1468.5,762.0,783.0,129.0,49.5
2007-04-15,798.0,1137.0,3391.5,1552.5,2323.5,1036.5,328.5,28.5,31.5
2007-04-22,646.8,794.4,4125.6,1152.0,2253.6,512.4,247.2,64.8,80.4
2007-04-29,1035.0,1783.5,4966.5,1083.0,3778.5,694.5,415.5,118.5,0.0
2007-05-06,268.5,1378.5,3156.0,1141.5,3201.0,537.0,154.5,285.0,127.5
2007-05-13,351.6,576.0,3478.8,441.6,2284.8,1107.6,192.0,52.8,49.2
2007-05-20,954.0,992.4,4298.4,550.8,2679.6,570.0,195.6,42.0,32.4
2007-05-27,726.0,1029.6,3996.0,1041.6,2403.6,991.2,182.4,238.8,54.0
2007-06-03,225.6,1926.0,2859.6,620.4,3176.4,998.4,207.6,264.0,37.2
2007-06-10,609.0,978.0,2310.0,901.5,2664.0,619.5,88.5,78.0,9.0
2007-06-17,332.4,1212.0,4513.2,426.0,3966.0,1392.0,328.8,408.0,136.8
2007-06-24,428.4,1456.8,4300.8,1191.6,3120.0,608.4,310.8,234.0,63.6
2007-07-01,334.8,650.4,4460.4,1136.4,2637.6,650.4,283.2,249.6,153.6
2007-07-08,908.4,1275.6,3969.6,943.2,2066.4,1028.4,338.4,330.0,90.0
2007-07-15,40.8,838.8,4562.4,900.0,2355.6,984.0,495.6,320.4,211.2
2007-07-22,328.8,1574.4,3777.6,1092.0,2766.0,733.2,93.6,181.2,151.2
2007-07-29,597.6,475.2,3234.0,639.6,1780.8,652.8,640.8,105.6,132.0
2007-08-05,237.6,441.6,2655.6,1053.6,2174.4,1144.8,213.6,319.2,72.0
2007-08-12,505.2,636.0,2948.4,855.6,1177.2,373.2,218.4,93.6,36.0
2007-08-19,522.0,1096.0,2382.0,582.0,1868.0,460.0,96.0,40.0,58.0
2007-08-26,1270.8,1261.2,2638.8,558.0,2816.4,571.2,333.6,163.2,24.0
2007-09-02,614.4,1461.6,3078.0,636.0,1686.0,472.8,194.4,72.0,48.0
2007-09-09,351.6,1257.6,3943.2,1239.6,3212.4,880.8,194.4,252.0,99.6
2007-09-16,514.8,565.2,3280.8,1062.0,2523.6,1374.0,440.4,254.4,58.8
2007-09-23,338.4,438.0,3481.2,1063.2,2607.6,1875.6,308.4,261.6,26.4
2007-09-30,452.4,1099.2,2982.0,946.8,2700.0,1626.0,295.2,114.0,50.4
2007-10-07,424.5,1198.5,4326.0,1195.5,3685.5,814.5,292.5,262.5,51.0
2007-10-14,956.4,1676.4,6505.2,1110.0,2581.2,678.0,680.4,254.4,82.8
2007-10-21,1032.0,1362.0,6687.6,1748.4,2902.8,1245.6,336.0,114.0,123.6
2007-10-28,349.2,1033.2,4766.4,1323.6,3894.0,1482.0,118.8,358.8,190.8
2007-11-04,126.0,832.5,3172.5,1590.0,2857.5,760.5,6.0,214.5,136.5
2007-11-11,1150.8,2030.4,3770.4,1346.4,3562.8,1503.6,714.0,355.2,133.2
2007-11-18,632.4,958.8,5205.6,1120.8,2817.6,477.6,254.4,318.0,93.6
2007-11-25,478.8,975.6,4524.0,1328.4,3490.8,1148.4,286.8,147.6,30.0
2007-12-02,366.0,792.0,2520.0,806.4,2716.8,1933.2,540.0,316.8,39.6
2007-12-09,820.8,346.8,2824.8,273.6,2120.4,741.6,150.0,147.6,134.4
2007-12-16,471.6,720.0,3126.0,763.2,2482.8,1432.8,133.2,76.8,1.2
2007-12-23,194.4,1035.6,7809.6,523.2,1568.4,967.2,291.6,324.0,18.0
2007-12-30,0.0,264.0,1866.0,270.0,1074.0,204.0,468.0,24.0,0.0
2008-01-06,553.5,690.0,1602.0,858.0,846.0,439.5,198.0,294.0,27.0
2008-01-13,564.0,1214.4,3099.6,1377.6,1658.4,613.2,217.2,331.2,78.0
2008-01-20,660.0,780.0,3048.0,865.2,2164.8,1299.6,210.0,91.2,25.2
2008-01-27,832.8,1378.8,4130.4,1197.6,2264.4,637.2,279.6,141.6,16.8
2008-02-03,369.6,1404.0,3849.6,748.8,2103.6,1477.2,159.6,213.6,50.4
2008-02-10,952.5,1606.5,2949.0,432.0,1174.5,1012.5,237.0,159.0,6.0
2008-02-17,586.8,980.4,4833.6,483.6,1351.2,584.4,345.6,175.2,26.4
2008-02-24,645.6,1167.6,2575.2,770.4,2298.0,1005.6,146.4,300.0,18.0
2008-03-02,2086.8,540.0,3348.0,1447.2,2212.8,564.0,349.2,198.0,68.4
2008-03-09,1046.4,2056.8,2695.2,812.4,2455.2,1186.8,378.0,220.8,24.0
2008-03-16,739.2,1420.8,4140.0,1020.0,1858.8,850.8,216.0,324.0,2.4
2008-03-23,1063.5,957.0,3906.0,1150.5,1486.5,1017.0,261.0,154.5,54.0
2008-03-30,750.0,1075.5,3990.0,789.0,1959.0,574.5,144.0,148.5,153.0
2008-04-06,422.4,824.4,2145.6,770.4,1852.8,1108.8,177.6,303.6,90.0
2008-04-13,751.2,2000.4,4701.6,1244.4,1740.0,1213.2,384.0,375.6,21.6
2008-04-20,642.0,1106.4,4273.2,1921.2,3222.0,1148.4,207.6,147.6,88.8
2008-04-27,738.0,1071.0,4155.0,1659.0,2157.0,1126.5,310.5,294.0,178.5
2008-05-04,792.0,660.0,4200.0,1300.5,1534.5,576.0,258.0,99.0,76.5
2008-05-11,447.6,968.4,2809.2,920.4,2142.0,1027.2,247.2,117.6,7.2
2008-05-18,440.4,1454.4,3222.0,1578.0,1150.8,757.2,270.0,232.8,61.2
2008-05-25,118.5,930.0,2872.5,946.5,1449.0,417.0,280.5,144.0,30.0
2008-06-01,427.2,1148.4,3764.4,1604.4,1869.6,960.0,110.4,44.4,56.4
2008-06-08,354.0,1017.6,2748.0,877.2,1695.6,789.6,273.6,64.8,67.2
2008-06-15,564.0,705.0,2254.5,750.0,1104.0,388.5,186.0,103.5,15.0
2008-06-22,723.6,816.0,3558.0,991.2,2887.2,1165.2,286.8,93.6,55.2
2008-06-29,328.8,1075.2,2826.0,517.2,2095.2,914.4,370.8,255.6,72.0
2008-07-06,696.0,1398.0,4544.4,1243.2,2763.6,967.2,208.8,118.8,138.0
2008-07-13,1030.8,1232.4,2452.8,1512.0,2085.6,1345.2,492.0,513.6,288.0
2008-07-20,793.2,1932.0,4747.2,2395.2,2708.4,1254.0,476.4,610.8,201.6
2008-07-27,1262.4,961.2,4311.6,584.4,1621.2,1000.8,284.4,358.8,187.2
2008-08-03,601.2,504.0,3423.6,1688.4,2742.0,1130.4,176.4,225.6,127.2
2008-08-10,374.4,334.8,1884.0,1041.6,1390.8,981.6,192.0,159.6,4.8
2008-08-17,,,,,,,,,
2008-08-24,504.0,608.4,2250.0,373.2,1720.8,814.8,199.2,49.2,0.0
2008-08-31,333.6,1086.0,3542.4,1190.4,1568.4,666.0,123.6,108.0,31.2
2008-09-07,337.2,1275.6,2372.4,1268.4,2589.6,1540.8,253.2,124.8,80.4
2008-09-14,618.0,1227.6,5430.0,804.0,1948.8,900.0,267.6,129.6,62.4
2008-09-21,2052.0,936.0,4924.8,1515.6,2054.4,770.4,183.6,130.8,3.6
2008-09-28,783.6,1447.2,3948.0,1208.4,2660.4,618.0,180.0,121.2,10.8
2008-10-05,776.4,603.6,4252.8,430.8,1690.8,722.4,223.2,30.0,21.6
2008-10-12,621.6,566.4,4039.2,409.2,2185.2,793.2,255.6,267.6,73.2
2008-10-19,579.6,572.4,4218.0,1500.0,1917.6,684.0,129.6,104.4,21.6
2008-10-26,417.6,620.4,5185.2,1124.4,1118.4,750.0,96.0,150.0,46.8
2008-11-02,501.6,873.6,2731.2,886.8,1801.2,811.2,373.2,181.2,67.2
2008-11-09,818.4,1753.2,3612.0,706.8,1402.8,416.4,135.6,126.0,126.0
2008-11-16,609.6,1045.2,4076.4,1357.2,2467.2,888.0,247.2,148.8,48.0
2008-11-23,684.0,1930.8,3412.8,1341.6,1843.2,559.2,356.4,304.8,198.0
2008-11-30,511.2,864.0,3937.2,963.6,1479.6,956.4,511.2,186.0,14.4
2008-12-07,745.5,726.0,2992.5,477.0,2206.5,1327.5,949.5,45.0,7.5
2008-12-14,378.0,693.0,5245.5,412.5,1384.5,960.0,385.5,72.0,0.0
2008-12-21,459.6,964.8,2809.2,970.8,1140.0,292.8,79.2,75.6,45.6
2008-12-28,921.0,1047.0,2706.0,297.0,801.0,177.0,72.0,78.0,27.0
2009-01-04,204.0,0.0,1080.0,0.0,141.0,0.0,0.0,0.0,0.0
2009-01-11,495.6,949.2,2943.6,632.4,1467.6,958.8,556.8,82.8,69.6
2009-01-18,594.0,870.0,3572.4,868.8,1802.4,942.0,463.2,171.6,75.6
2009-01-25,375.6,512.4,3061.2,782.4,2253.6,310.8,181.2,55.2,21.6
2009-02-01,288.0,990.0,2013.6,752.4,1579.2,834.0,129.6,108.0,126.0
2009-02-08,726.0,868.8,2414.4,571.2,1896.0,315.6,172.8,246.0,81.6
2009-02-15,453.6,698.4,2293.2,102.0,1981.2,796.8,313.2,196.8,127.2
2009-02-22,696.0,891.6,3393.6,441.6,1279.2,493.2,216.0,240.0,21.6
2009-03-01,667.5,463.5,3649.5,739.5,1462.5,948.0,178.5,220.5,36.0
2009-03-08,1471.2,1226.4,3943.2,772.8,2971.2,507.6,75.6,175.2,52.8
2009-03-15,910.8,876.0,4971.6,1371.6,1880.4,849.6,112.8,198.0,40.8
2009-03-22,1218.0,964.8,4435.2,1034.4,2584.8,733.2,76.8,58.8,28.8
2009-03-29,1416.0,1366.8,3446.4,724.8,1820.4,832.8,88.8,84.0,82.8
2009-04-05,854.4,676.8,3140.4,1111.2,1651.2,596.4,128.4,178.8,130.8
2009-04-12,382.5,1351.5,3217.5,1104.0,1059.0,555.0,105.0,238.5,12.0
2009-04-19,880.5,1063.5,3556.5,1069.5,1321.5,789.0,247.5,103.5,12.0
2009-04-26,894.0,615.6,3668.8,1209.6,3242.4,1160.4,442.8,226.8,66.0
2009-05-03,292.5,1254.0,5040.0,477.0,2992.5,726.0,211.5,267.0,126.0
2009-05-10,1471.2,1072.8,3044.4,682.8,2440.8,816.0,162.0,218.4,69.6
2009-05-17,486.0,1039.2,4046.4,578.4,2836.8,1147.2,338.4,241.2,128.4
2009-05-24,1429.2,878.4,4892.4,1168.8,2535.6,906.0,162.0,240.0,7.2
2009-05-31,1296.0,1340.4,4303.2,1011.6,1813.2,816.0,225.6,84.0,84.0
2009-06-07,1356.0,1446.0,5443.2,1395.6,2162.4,781.2,141.6,133.2,80.4
2009-06-14,632.0,502.0,1726.0,1180.0,1824.0,690.0,60.0,124.0,0.0
2009-06-21,2018.4,712.8,4657.2,537.6,3110.4,1156.8,578.4,309.6,51.6
2009-06-28,778.8,903.6,2766.0,903.6,1610.4,861.6,400.8,297.6,0.0
2009-07-05,830.4,1345.2,3568.8,1042.8,2899.2,1082.4,271.2,164.4,45.6
2009-07-12,504.0,592.8,3886.8,223.2,1776.0,1458.0,558.0,501.6,322.8
2009-07-19,908.4,750.0,3559.2,663.6,2829.6,1142.4,594.0,436.8,328.8
2009-07-26,829.2,937.2,3043.2,1068.0,2880.0,285.6,160.8,172.8,103.2
2009-08-02,896.4,914.4,3181.2,1024.8,2208.0,1214.4,690.0,445.2,369.6
2009-08-09,1087.2,997.2,3001.2,741.6,2278.8,920.4,506.4,444.0,340.8
2009-08-16,706.5,1267.5,4470.0,1128.0,2137.5,784.5,318.0,171.0,84.0
2009-08-23,0.0,0.0,180.0,0.0,0.0,192.0,0.0,36.0,0.0
2009-08-30,644.4,1275.6,2671.2,769.2,1815.6,450.0,264.0,234.0,39.6
2009-09-06,1209.6,744.0,4876.8,994.8,2107.2,564.0,134.4,82.8,58.8
2009-09-13,1426.8,2106.0,7946.4,1296.0,2167.2,543.6,55.2,50.4,4.8
2009-09-20,2164.8,1081.2,5539.2,1455.6,3252.0,1027.2,152.4,64.8,19.2
2009-09-27,861.6,882.0,5541.6,1178.4,1748.4,784.8,126.0,67.2,4.8
2009-10-04,736.8,1729.2,5047.2,757.2,2248.8,1050.0,218.4,120.0,39.6
2009-10-11,1554.0,523.5,3331.5,517.5,2688.0,1054.5,325.5,67.5,69.0
2009-10-18,1416.0,1495.2,6513.6,672.0,3086.4,650.4,282.0,174.0,64.8
2009-10-25,576.0,885.6,4610.4,681.6,1944.0,436.8,183.6,88.8,33.6
2009-11-01,910.8,1164.0,1807.2,694.8,1640.4,596.4,76.8,39.6,86.4
2009-11-08,268.8,1147.2,3597.6,1035.6,1452.0,426.0,74.4,91.2,48.0
2009-11-15,135.6,783.6,2866.8,859.2,1495.2,507.6,62.4,78.0,2.4
2009-11-22,2062.8,1316.4,3160.8,648.0,1812.0,597.6,105.6,192.0,52.8
2009-11-29,636.0,956.4,1456.8,207.6,2065.2,400.8,183.6,115.2,4.8
2009-12-06,1476.0,972.0,2935.5,1138.5,1438.5,721.5,57.0,73.5,12.0
2009-12-13,708.0,1036.5,1320.0,369.0,1246.5,544.5,55.5,123.0,0.0
2009-12-20,814.8,962.4,4440.0,937.2,1096.8,1230.0,117.6,37.2,4.8
2009-12-27,148.0,94.0,1062.0,286.0,576.0,142.0,520.0,24.0,0.0
2010-01-03,760.0,504.0,2120.0,184.0,1486.0,40.0,96.0,0.0,4.0
2010-01-10,478.8,644.4,2833.2,152.4,566.4,354.0,42.0,168.0,0.0
2010-01-17,468.0,879.6,2037.6,958.8,1508.4,739.2,198.0,195.6,36.0
2010-01-24,832.8,1126.8,1884.0,812.4,1603.2,531.6,223.2,105.6,15.6
2010-01-31,780.0,1341.6,3254.4,907.2,2892.0,711.6,211.2,141.6,27.6
2010-02-07,1200.0,1114.8,2611.2,874.8,2876.4,934.8,184.8,81.6,54.0
2010-02-14,1161.6,639.6,2934.0,1539.6,2334.0,668.4,172.8,146.4,26.4
2010-02-21,867.0,1534.5,3309.0,678.0,462.0,285.0,207.0,52.5,6.0
2010-02-28,668.4,1214.4,3412.8,441.6,1861.2,550.8,96.0,72.0,0.0
2010-03-07,664.8,998.4,3976.8,1234.8,1323.6,464.4,37.2,78.0,20.4
2010-03-14,1093.2,289.2,2044.8,1117.2,1140.0,868.8,177.6,162.0,2.4
2010-03-21,1280.4,1292.4,3079.2,404.4,981.6,614.4,204.0,106.8,1.2
2010-03-28,922.8,1245.6,2880.0,182.4,1676.4,760.8,69.6,163.2,14.4
2010-04-04,1050.0,1027.5,2337.0,534.0,1495.5,906.0,64.5,156.0,6.0
2010-04-11,918.0,1240.5,2745.0,583.5,1557.0,825.0,82.5,367.5,7.5
2010-04-18,986.4,758.4,2767.2,735.6,1868.4,651.6,187.2,160.8,9.6
2010-04-25,734.4,1387.2,3408.0,951.6,816.0,709.2,135.6,272.4,0.0
2010-05-02,1086.0,747.6,2598.0,343.2,1426.8,1274.4,213.6,190.8,12.0
2010-05-09,1508.4,1262.4,3495.6,634.8,1849.2,766.8,86.4,44.4,0.0
2010-05-16,634.8,837.6,3568.8,502.8,1743.6,432.0,49.2,114.0,12.0
2010-05-23,2400.0,2058.0,4436.4,800.4,1773.6,573.6,145.2,114.0,9.6
2010-05-30,1459.2,1953.6,6554.4,1140.0,2295.6,1070.4,160.8,76.8,0.0
2010-06-06,2116.5,504.0,2196.0,1188.0,1003.5,516.0,129.0,99.0,36.0
2010-06-13,438.0,681.0,2886.0,589.5,1873.5,930.0,127.5,87.0,0.0
2010-06-20,673.2,1092.0,4096.8,241.2,554.4,565.2,42.0,66.0,2.4
2010-06-27,366.0,732.0,812.4,337.2,1082.4,620.4,100.8,117.6,24.0
2010-07-04,1203.6,655.2,3466.8,705.6,1780.8,1170.0,178.8,139.2,44.4
2010-07-11,800.4,860.4,2540.4,561.6,2247.6,1080.0,172.8,138.0,18.0
2010-07-18,1200.0,1024.8,1605.6,820.8,1758.0,748.8,91.2,48.0,56.4
2010-07-25,496.8,858.0,2028.0,321.6,772.8,578.4,178.8,135.6,68.4
2010-08-01,602.4,625.2,2389.2,658.8,1140.0,549.6,127.2,109.2,0.0
2010-08-08,634.8,1092.0,1742.4,331.2,1146.0,550.8,166.8,146.4,0.0
2010-08-15,543.75,843.0,1063.5,649.5,2173.5,766.5,85.5,129.0,19.5
2010-08-22,622.8,762.0,1377.6,268.8,972.0,567.6,51.6,86.4,2.4
2010-08-29,488.4,338.4,1452.0,498.0,1528.8,652.8,38.4,74.4,12.0
2010-09-05,535.2,141.6,1852.8,374.4,1303.2,361.2,27.6,110.4,1.2
2010-09-12,346.8,1536.0,1839.6,253.2,1489.2,310.8,74.4,28.8,4.8
2010-09-19,834.0,650.4,1912.8,512.4,2356.8,417.6,62.4,94.8,0.0
2010-09-26,1309.2,1190.4,2792.4,516.0,2323.2,813.6,151.2,76.8,14.4
2010-10-03,1027.2,867.6,1760.4,224.4,1765.2,949.2,64.8,193.2,0.0
2010-10-10,664.5,378.0,2511.0,385.5,2602.5,417.0,48.0,21.0,10.5
2010-10-17,864.0,0.0,2427.6,282.0,1896.0,439.2,338.4,238.8,10.8
2010-10-24,1395.6,52.8,2611.2,970.8,1753.2,450.0,6.0,304.8,21.6
2010-10-31,597.6,74.4,2696.4,416.4,2121.6,412.8,16.8,117.6,43.2
2010-11-07,1182.0,162.0,2068.5,477.0,1179.0,535.5,240.0,63.0,27.0
2010-11-14,1220.4,3375.6,2391.6,650.4,871.2,608.4,123.6,160.8,26.4
2010-11-21,204.0,1317.6,2167.2,716.4,1813.2,230.4,87.6,346.8,14.4
2010-11-28,1777.2,1935.6,2614.8,493.2,1293.6,474.0,20.4,62.4,9.6
2010-12-05,1257.0,850.5,3432.0,289.5,1174.5,207.0,379.5,202.5,0.0
2010-12-12,823.5,789.0,3942.0,270.0,1030.5,424.5,27.0,16.5,0.0
2010-12-19,78.0,1242.0,2395.2,444.0,742.8,837.6,126.0,74.4,16.8
2010-12-26,1317.0,654.0,2968.5,882.0,1200.0,496.5,163.5,34.5,30.0
2011-01-02,1024.0,82.0,3980.0,404.0,412.0,50.0,80.0,0.0,0.0
2011-01-09,876.0,1017.6,1743.6,314.4,591.6,181.2,80.4,44.4,0.0
2011-01-16,252.0,1419.6,3313.2,355.2,3312.0,576.0,147.6,325.2,52.8
2011-01-23,410.4,1011.6,2568.0,324.0,1237.2,876.0,134.4,48.0,0.0
2011-01-30,619.2,1354.8,3836.4,904.8,1670.4,1408.8,398.4,171.6,33.6
2011-02-06,1348.8,1744.8,3642.0,388.8,1660.8,1028.4,328.8,128.4,42.0
2011-02-13,1080.0,620.4,1256.4,199.2,518.4,994.8,62.4,129.6,42.0
2011-02-20,254.4,787.2,1444.8,723.6,1594.8,624.0,44.4,28.8,2.4
2011-02-27,954.0,639.6,1675.2,514.8,1111.2,367.2,82.8,32.4,18.0
2011-03-06,560.4,672.0,1057.2,607.2,1210.8,416.4,58.8,80.4,63.6
2011-03-13,484.5,831.0,1938.0,697.5,1743.0,939.0,91.5,46.5,31.5
2011-03-20,1387.2,799.2,2120.4,205.2,1442.4,546.0,86.4,0.0,7.2
2011-03-27,1215.6,1110.0,3586.8,1153.2,1784.4,800.4,138.0,79.2,16.8
2011-04-03,1545.6,1057.2,2078.4,886.8,1183.2,351.6,99.6,39.6,13.2
2011-04-10,415.2,501.6,1860.0,774.0,1003.2,345.6,134.4,102.0,13.2
2011-04-17,888.0,601.2,1026.0,456.0,987.6,789.6,164.4,141.6,0.0
2011-04-24,255.0,516.0,1152.0,184.5,1228.5,447.0,181.5,133.5,0.0
2011-05-01,340.5,642.0,1177.5,586.5,1092.0,1090.5,130.5,84.0,4.5
2011-05-08,1022.4,1186.8,2623.2,156.0,1158.0,429.6,109.2,135.6,32.4
2011-05-15,702.0,435.6,1251.6,296.4,747.6,429.6,206.4,130.8,0.0
2011-05-22,1413.6,602.4,2424.0,170.4,1015.2,396.0,63.6,92.4,21.6
2011-05-29,708.0,681.6,1069.2,201.6,1084.8,259.2,34.8,69.6,18.0
2011-06-05,1165.2,1003.2,1657.2,247.2,939.6,562.8,103.2,16.8,7.2
2011-06-12,744.0,1002.0,1659.0,372.0,720.0,672.0,67.5,96.0,0.0
2011-06-19,663.6,776.4,2666.4,369.6,804.0,633.6,24.0,60.0,1.2
2011-06-26,412.5,589.5,696.0,231.0,724.5,238.5,6.0,139.5,4.5
2011-07-03,604.8,1045.6,2113.6,440.8,794.8,254.8,4.8,214.8,0.0
2011-07-10,928.8,619.2,1599.6,78.0,326.4,115.2,40.8,18.0,0.0
2011-07-17,1076.4,1242.0,2110.8,642.0,543.6,357.6,21.6,36.0,0.0
2011-07-24,558.0,655.2,2374.8,106.8,1398.0,298.8,80.4,165.6,0.0
2011-07-31,655.2,667.2,2304.0,352.8,699.6,598.8,18.0,48.0,0.0
2011-08-07,494.4,751.2,2250.0,246.0,716.4,324.0,1.2,169.2,0.0
2011-08-14,967.2,801.6,1419.6,326.4,762.0,984.0,58.8,222.0,25.2
2011-08-21,453.0,304.5,1602.0,259.5,531.0,402.0,108.0,208.5,18.0
2011-08-28,495.6,740.4,1588.8,115.2,627.6,166.8,43.2,376.8,9.6
2011-09-04,811.2,300.0,1851.6,156.0,940.8,1.2,295.2,109.2,43.2
2011-09-11,230.4,21.6,1333.2,270.0,596.4,1576.8,121.2,2.4,36.0
2011-09-18,1188.0,3.6,1450.8,678.0,712.8,985.2,60.0,124.8,44.4
2011-09-25,555.6,219.6,2569.2,294.0,631.2,360.0,48.0,342.0,24.0
2011-10-02,762.0,2068.8,2301.6,508.8,920.4,232.8,79.2,154.8,7.2
2011-10-09,868.5,1276.5,2205.0,576.0,774.0,375.0,123.0,157.5,36.0
2011-10-16,516.0,400.8,2210.4,337.2,1494.0,445.2,170.4,186.0,73.2
2011-10-23,708.0,734.4,3031.2,536.4,920.4,459.6,135.6,235.2,33.6
2011-10-30,848.4,1710.0,2794.8,525.6,956.4,679.2,78.0,10.8,39.6
2011-11-06,286.5,0.0,519.0,613.5,340.5,124.5,78.0,210.0,21.0
2011-11-13,494.4,631.2,996.0,284.4,638.4,442.8,104.4,20.4,0.0
2011-11-20,1572.0,684.0,2044.8,822.0,992.4,279.6,192.0,57.6,33.6
2011-11-27,1953.6,931.2,3667.2,376.8,1423.2,553.2,68.4,49.2,21.6
2011-12-04,1387.5,784.5,1891.5,415.5,948.0,750.0,241.5,166.5,81.0
2011-12-11,786.0,1291.5,1365.0,421.5,487.5,334.5,64.5,79.5,85.5
2011-12-18,1503.6,1178.4,3360.0,738.0,820.8,903.6,92.4,230.4,62.4
2011-12-25,1168.8,405.6,4158.0,334.8,1766.4,610.8,138.0,266.4,0.0
2012-01-01,0.0,0.0,0.0,0.0,0.0,0.0,0.0,144.0,132.0
2012-01-08,393.6,673.2,1066.8,376.8,445.2,439.2,279.6,57.6,67.2
2012-01-15,150.0,962.4,3403.2,406.8,486.0,223.2,123.6,18.0,75.6
2012-01-22,2366.4,619.2,2344.8,382.8,1066.8,237.6,151.2,76.8,22.8
2012-01-29,768.0,1215.6,2522.4,511.2,1219.2,427.2,106.8,12.0,15.6
2012-02-05,766.8,1905.6,3385.2,697.2,1293.6,799.2,54.0,84.2,16.8
2012-02-12,1381.2,1206.0,5348.4,669.6,1755.6,469.2,176.4,112.8,21.6
2012-02-19,2504.4,1092.0,3484.8,177.6,518.4,363.6,96.0,213.6,9.6
2012-02-26,324.0,1507.5,4078.5,763.5,1234.5,375.0,340.5,153.0,12.0
2012-03-04,2474.4,399.6,4080.0,505.2,1233.6,596.4,32.4,62.4,44.4
2012-03-11,945.6,1227.6,3302.4,720.0,897.6,180.0,94.8,147.6,9.6
2012-03-18,538.8,1702.8,1791.6,166.8,304.8,242.4,75.6,4.8,0.0
2012-03-25,397.2,456.0,3471.6,477.6,906.0,360.0,97.2,80.4,18.0
2012-04-01,1614.0,710.4,3165.6,258.0,757.2,14.4,55.2,67.2,1.2
2012-04-08,913.5,501.0,3286.5,169.5,529.5,252.0,81.0,18.0,0.0
2012-04-15,933.0,1291.5,2221.5,237.0,334.5,153.0,9.0,48.0,13.5
2012-04-22,1183.2,601.2,2437.2,366.0,644.4,214.8,58.8,2.4,26.4
2012-04-29,817.5,472.5,1452.0,246.0,129.0,100.5,3.0,84.0,9.0
2012-05-06,372.0,415.5,1401.0,166.0,639.0,162.0,3.0,48.0,0.0
2012-05-13,387.6,360.0,1263.6,207.6,336.0,236.4,154.8,31.2,1.2
2012-05-20,886.8,460.8,3116.4,124.8,645.6,108.0,69.6,140.4,0.0
2012-05-27,604.8,739.2,828.0,297.6,230.4,120.0,51.6,25.2,0.0
2012-06-03,520.8,784.8,2074.8,510.0,256.8,92.4,16.8,58.8,0.0
2012-06-10,168.0,138.0,618.0,384.0,324.0,418.5,102.0,144.0,0.0
2012-06-17,879.6,907.2,3800.4,393.6,380.4,92.4,44.4,213.6,20.4
2012-06-24,768.0,979.2,2404.8,308.4,432.0,162.0,91.2,28.8,0.0
2012-07-01,484.8,388.8,2438.4,237.6,75.6,96.0,144.0,19.2,0.0
2012-07-08,1111.2,603.6,1380.0,176.4,150.0,128.4,54.0,108.0,10.8
2012-07-15,738.0,916.8,894.0,268.8,882.0,102.0,61.2,2.4,0.0
2012-07-22,1185.6,882.0,1620.0,198.0,369.6,160.8,78.0,37.2,2.4
2012-07-29,506.4,446.4,1308.0,154.8,252.0,150.0,114.0,4.8,0.0
2012-08-05,729.6,502.8,1730.4,722.4,338.4,37.2,110.4,4.8,78.0
2012-08-12,651.6,1035.6,2306.4,278.4,771.6,320.4,48.0,0.0,4.8
2012-08-19,680.0,154.0,294.0,48.0,370.0,24.0,0.0,6.0,0.0
2012-08-26,717.6,25.2,1414.8,144.0,337.2,55.2,33.6,0.0,14.4
2012-09-02,616.8,397.2,678.0,120.0,426.0,75.6,136.8,0.0,0.0
2012-09-09,513.6,1678.8,3109.2,14.4,559.2,136.8,25.2,0.0,27.6
2012-09-16,217.2,451.2,2728.8,699.6,500.4,127.2,73.2,40.8,0.0
2012-09-23,2178.0,1058.4,4003.2,573.6,325.2,140.4,20.4,20.4,2.4
2012-09-30,866.4,483.6,1249.2,154.8,166.8,74.4,66.0,28.8,4.8
2012-10-07,220.5,616.5,1633.5,261.0,258.0,417.0,42.0,76.5,12.0
2012-10-14,284.4,454.8,806.4,175.2,324.0,126.0,100.8,12.0,0.0
2012-10-21,420.0,931.2,1364.4,325.2,444.0,76.8,116.4,56.4,30.0
2012-10-28,374.4,151.2,1380.0,240.0,379.2,164.4,14.4,7.2,2.4
2012-11-04,729.0,447.0,1875.0,34.5,157.5,0.0,0.0,51.0,0.0
2012-11-11,423.6,343.2,1413.6,169.2,623.4,38.4,19.2,18.0,0.0
2012-11-18,268.8,271.2,558.0,100.8,142.8,141.6,0.0,7.2,0.0
2012-11-25,782.4,916.8,627.6,50.4,688.8,74.4,91.2,24.0,0.0
2012-12-02,1272.0,308.4,3812.4,202.8,640.8,142.8,68.4,10.8,0.0
2012-12-09,608.4,595.2,1659.6,266.4,488.4,123.6,9.6,45.6,13.2
2012-12-16,615.6,799.2,1736.4,250.8,346.2,57.6,99.6,0.0,0.0
2012-12-23,1116.0,1357.2,1966.8,164.4,537.6,128.4,24.0,0.0,0.0
2012-12-30,0.0,0.0,120.0,0.0,0.0,0.0,0.0,0.0,0.0
2013-01-06,178.0,864.0,1800.0,36.0,288.0,198.0,0.0,50.0,18.0
2013-01-13,387.6,1138.8,2245.2,361.2,387.6,180.0,18.0,37.2,13.2
2013-01-20,781.2,928.8,2367.6,279.6,230.4,114.0,6.0,15.6,0.0
2013-01-27,2426.4,387.6,2172.0,448.8,866.4,217.2,14.4,0.0,0.0
2013-02-03,766.8,721.2,1702.8,394.8,1008.0,260.4,49.2,46.8,1.2
2013-02-10,426.0,957.6,2776.8,254.4,390.0,124.8,16.8,43.2,0.0
2013-02-17,1950.0,924.0,2593.5,0.0,405.0,258.0,0.0,42.0,0.0
2013-02-24,766.8,585.6,1078.8,231.6,543.6,182.4,105.6,2.4,0.0
2013-03-03,806.4,824.4,2734.8,460.8,516.0,183.6,117.6,60.0,0.0
2013-03-10,997.2,337.2,2352.0,205.2,313.2,42.0,7.2,28.8,27.6
2013-03-17,586.8,576.0,1976.4,242.4,482.4,121.2,84.0,19.2,2.4
2013-03-24,1062.0,504.0,3218.4,518.4,362.4,190.8,145.2,79.2,4.8
2013-03-31,1512.0,1008.0,804.0,319.5,604.5,246.0,10.5,28.5,0.0
2013-04-07,51.0,433.5,630.0,75.0,351.0,18.0,33.0,3.0,0.0
2013-04-14,880.8,628.8,1952.4,403.2,907.2,60.0,10.8,103.2,16.8
2013-04-21,837.6,1392.0,2758.8,453.6,501.6,122.4,61.2,237.6,0.0
2013-04-28,1443.0,603.0,1653.0,379.5,282.0,69.0,0.0,67.5,9.0
2013-05-05,834.0,462.0,960.0,264.0,869.25,93.0,45.0,39.0,3.0
2013-05-12,396.0,1132.8,3014.4,572.4,552.0,152.4,130.8,127.2,16.8
2013-05-19,555.6,3278.4,2724.0,559.2,835.2,242.4,40.8,78.0,0.0
2013-05-26,1018.8,663.6,1400.4,182.4,610.8,96.0,27.6,48.0,0.0
2013-06-02,674.4,946.8,1248.0,1053.6,660.0,181.2,25.2,86.4,45.6
2013-06-09,819.6,703.2,1368.0,432.0,672.0,201.6,40.8,64.8,6.0
2013-06-16,723.0,514.5,1990.5,168.0,214.5,213.0,118.5,201.0,0.0
2013-06-23,386.4,1388.4,2420.4,642.0,852.6,259.2,80.4,49.2,31.2
2013-06-30,1236.0,1016.4,2212.8,156.0,430.8,196.8,56.4,46.8,0.0
2013-07-07,814.8,600.0,1513.2,139.2,706.8,112.8,4.8,69.6,0.0
2013-07-14,412.8,988.8,1658.4,507.6,562.8,372.0,57.6,45.6,1.2
2013-07-21,1159.2,1375.2,1435.2,546.0,757.2,213.6,55.2,150.0,58.8
2013-07-28,560.4,280.8,1659.6,648.0,435.6,187.2,175.2,108.0,93.6
2013-08-04,840.0,1072.8,2407.2,513.6,592.8,176.4,78.0,128.4,54.0
2013-08-11,1543.2,600.0,3870.0,225.6,393.6,307.2,100.8,78.0,26.4
2013-08-18,1604.0,1408.0,2948.0,320.0,442.0,366.0,158.0,30.0,0.0
2013-08-25,,,,,,,,,
2013-09-01,,,,,,,,,
2013-09-08,715.2,404.4,2397.6,187.2,247.2,122.4,30.0,81.6,0.0
2013-09-15,1376.4,766.8,2247.6,763.2,1014.0,285.6,174.0,51.6,18.0
2013-09-22,873.6,873.6,2277.6,200.4,579.6,332.4,31.2,40.8,0.0
2013-09-29,1489.2,963.6,2292.0,434.4,963.6,586.8,96.0,57.6,9.6
2013-10-06,885.6,1041.6,1540.8,338.4,364.8,247.2,50.4,19.2,1.2
2013-10-13,1214.4,598.8,2498.4,372.0,578.4,285.6,222.0,33.6,21.6
2013-10-20,968.4,1056.0,1917.6,358.8,793.8,595.2,123.6,182.4,60.0
2013-10-27,1592.4,378.0,1951.2,128.4,218.4,283.2,12.0,52.8,0.0
2013-11-03,1135.2,800.4,1976.4,283.2,566.4,88.8,274.8,144.0,32.4
2013-11-10,393.6,583.2,1298.4,190.8,424.8,180.0,57.6,76.8,1.2
2013-11-17,699.6,763.6,1717.6,388.8,1060.0,241.6,112.2,152.4,2.4
2013-11-24,1125.6,890.4,1695.6,613.2,860.4,518.4,97.2,105.6,1.2
2013-12-01,1516.8,777.6,2505.6,354.6,387.6,331.2,112.8,132.0,1.2
2013-12-08,1490.4,1134.0,2216.4,433.2,513.6,391.2,96.0,27.6,0.0
2013-12-15,1070.4,422.4,1675.2,259.2,577.2,291.6,38.4,43.2,43.2
2013-12-22,489.6,776.4,2404.8,336.0,794.4,619.2,100.8,38.4,24.0
2013-12-29,0.0,0.0,120.0,0.0,0.0,108.0,0.0,0.0,132.0
2014-01-05,0.0,120.0,1584.0,72.0,60.0,108.0,0.0,0.0,0.0
2014-01-12,903.6,1184.4,1347.6,69.6,543.6,135.6,38.4,26.4,0.0
2014-01-19,559.2,1110.0,1590.0,609.6,332.4,105.6,69.6,31.2,43.2
2014-01-26,699.6,520.8,2168.4,278.4,946.8,398.4,180.0,49.2,3.6
2014-02-02,1761.6,1347.6,2145.6,394.8,584.4,294.0,14.4,54.0,2.4
2014-02-09,339.6,722.4,2133.6,408.0,819.0,28.8,48.0,0.0,45.6
2014-02-16,326.4,1190.4,1818.0,139.2,421.2,482.4,51.6,162.0,49.2
2014-02-23,1094.4,836.4,2286.6,322.8,1339.8,282.6,25.8,191.4,93.6
2014-03-02,230.4,1063.2,1598.4,387.6,391.2,39.6,14.4,134.4,0.0
2014-03-09,937.5,903.0,1722.0,198.0,501.0,292.5,70.5,48.0,0.0
2014-03-16,332.4,884.4,1482.0,447.6,852.0,280.8,39.6,40.8,64.8
2014-03-23,130.8,900.0,2161.2,682.8,967.2,418.8,87.6,60.0,8.4
2014-03-30,801.6,775.2,1566.0,201.6,949.2,367.2,39.6,54.0,3.6
2014-04-06,1239.6,758.4,2356.8,423.6,864.0,62.4,58.8,99.6,4.8
2014-04-13,967.2,639.6,1098.0,165.6,405.6,668.4,27.6,39.6,9.6
2014-04-20,519.0,832.5,1021.5,135.0,754.5,405.75,90.0,144.0,43.5
2014-04-27,762.0,1062.0,2280.0,144.0,258.0,260.0,104.0,0.0,72.0
2014-05-04,924.0,478.5,1143.0,444.0,1009.0,174.0,22.5,15.0,0.0
2014-05-11,1203.6,877.2,2436.0,746.4,1392.0,606.0,81.6,54.0,19.2
2014-05-18,1263.6,1140.0,2238.0,333.6,1113.6,523.2,0.0,13.2,6.0
2014-05-25,812.4,1088.4,2384.4,741.6,752.4,252.0,45.6,63.6,46.8
2014-06-01,955.2,1132.8,1666.8,135.6,340.2,463.2,32.4,6.0,0.0
2014-06-08,1036.8,1210.8,2388.0,358.8,825.6,225.6,54.0,39.6,19.2
2014-06-15,1267.5,1009.5,2472.0,238.5,561.75,294.0,51.0,126.0,9.0
2014-06-22,909.6,561.6,2888.4,417.6,444.0,271.2,33.6,7.2,0.0
2014-06-29,1458.0,880.8,2132.4,441.6,570.0,410.4,44.4,18.0,39.6
2014-07-06,886.8,1081.2,2310.0,237.6,595.2,412.8,40.8,45.6,1.2
2014-07-13,1633.2,796.8,1446.0,276.0,348.0,187.2,54.0,102.0,40.8
2014-07-20,525.6,346.8,1435.2,264.0,514.8,157.2,110.4,18.0,46.8
2014-07-27,1194.0,1044.0,1788.0,441.6,1373.4,214.2,112.8,160.8,43.2
2014-08-03,964.8,649.2,1855.2,411.6,726.0,408.0,24.0,90.0,96.0
2014-08-10,1365.6,1099.2,1440.0,327.6,1141.2,393.6,130.8,75.6,48.0
2014-08-17,1648.0,1324.0,2298.0,556.0,1281.0,200.0,12.0,124.0,114.0
2014-08-24,,,,,,,,,
2014-08-31,,,,,,,,,
2014-09-07,865.2,1434.0,2732.4,655.2,1527.0,256.8,90.0,100.8,21.6
2014-09-14,946.8,961.2,2144.4,649.2,657.6,405.0,109.2,112.8,0.0
2014-09-21,643.2,583.2,2244.0,144.0,351.6,319.2,19.2,60.0,8.4
2014-09-28,400.8,654.0,1596.0,166.8,420.0,452.4,43.2,48.0,21.6
2014-10-05,746.4,490.8,2580.0,318.0,1321.2,460.8,111.6,184.8,70.8
2014-10-12,468.0,810.0,2290.8,351.6,622.2,230.4,64.8,55.2,2.4
2014-10-19,880.8,622.8,1285.2,363.6,459.6,284.4,74.4,103.2,4.8
2014-10-26,1015.2,530.4,1754.4,208.8,614.4,427.2,100.8,32.4,0.0
2014-11-02,1153.2,580.8,1905.6,408.0,321.6,282.0,25.2,2.4,14.4
2014-11-09,909.6,817.2,1556.4,390.0,885.6,195.6,24.0,43.2,15.6
2014-11-16,45.6,428.4,1213.2,354.0,1024.8,190.8,94.8,24.0,33.6
2014-11-23,1736.4,817.2,2434.8,475.2,700.8,321.6,139.2,18.0,2.4
2014-11-30,1270.8,919.2,2348.4,410.4,1010.4,388.8,171.6,15.6,46.8
2014-12-07,645.6,724.8,1399.2,211.2,663.6,363.6,123.6,164.4,78.0
2014-12-14,1833.0,1276.5,1722.0,633.0,502.5,27.0,87.0,109.5,31.5
2014-12-21,679.2,849.6,1248.0,298.8,475.2,317.2,44.4,62.4,50.4
2014-12-28,504.0,576.0,1083.0,477.0,465.0,375.0,0.0,0.0,0.0
2015-01-04,30.0,222.0,360.0,0.0,0.0,0.0,0.0,0.0,0.0
2015-01-11,1017.6,1035.6,3000.0,283.2,642.0,386.4,106.8,115.2,2.4
2015-01-18,1494.0,1342.8,2551.2,261.6,1542.0,91.2,91.2,18.0,2.4
2015-01-25,748.8,882.0,2176.8,151.2,591.6,210.0,112.8,66.0,28.8
2015-02-01,958.8,1377.6,2454.0,505.2,806.4,229.2,70.8,4.8,63.6
2015-02-08,670.8,794.4,2755.2,129.6,452.4,99.6,55.2,68.4,0.0
2015-02-15,1437.6,1047.6,3261.6,244.8,644.4,188.4,15.6,55.2,0.0
2015-02-22,1396.5,855.0,2748.0,333.0,530.25,381.0,90.0,42.0,49.5
2015-03-01,717.6,954.0,1999.2,391.2,430.2,255.6,129.6,38.4,50.4
2015-03-08,355.2,657.6,2943.6,520.8,866.4,163.8,26.4,112.8,4.8
2015-03-15,818.4,830.4,2755.2,406.8,979.2,262.8,44.4,50.4,40.8
2015-03-22,1227.6,1315.6,3819.8,579.6,866.6,561.6,28.8,201.6,28.8
2015-03-29,925.2,814.8,3118.8,475.2,735.6,273.6,76.8,40.8,21.6
2015-04-05,1386.0,1126.5,2086.5,592.5,770.75,90.0,22.5,75.0,27.0
2015-04-12,747.0,603.0,3490.5,408.0,654.0,348.0,34.5,79.5,7.5
2015-04-19,1350.0,1198.8,2264.4,474.0,507.6,416.4,52.8,104.4,21.6
2015-04-26,1548.0,826.8,3667.2,339.6,561.0,266.4,45.6,0.0,40.8
2015-05-03,1110.0,1396.5,2116.5,274.5,1389.0,196.25,112.5,39.0,0.0
2015-05-10,957.6,1158.0,3080.4,709.2,840.0,11.6,80.4,55.2,45.6
2015-05-17,1104.0,1042.8,3432.0,439.2,707.4,759.8,50.4,36.0,0.0
2015-05-24,1713.6,931.2,2984.4,397.2,284.4,574.8,0.0,12.0,21.6
2015-05-31,1026.0,886.8,3698.4,171.6,1138.8,368.0,4.8,0.0,0.0
2015-06-07,580.8,1040.4,1040.4,764.4,890.4,402.0,96.0,98.4,26.4
2015-06-14,1341.0,697.0,2245.5,124.25,271.5,255.0,18.0,24.0,3.0
2015-06-21,526.8,532.8,1507.2,255.6,442.8,135.6,48.0,0.0,0.0
2015-06-28,715.2,364.8,1317.6,195.6,526.8,118.8,9.6,26.4,1.2
2015-07-05,714.0,510.0,708.0,187.2,475.2,109.2,158.4,6.0,15.6
2015-07-12,523.2,481.2,1368.0,225.6,210.6,202.8,7.2,0.0,0.0
2015-07-19,444.0,588.0,1792.8,260.4,636.2,352.8,37.2,0.0,16.8
2015-07-26,243.6,489.6,1050.0,332.0,484.8,840.0,126.0,7.2,16.8
2015-08-02,1123.2,572.4,2192.4,233.4,1032.0,771.2,114.0,242.4,136.8
2015-08-09,1693.2,1315.2,3076.8,1039.2,830.4,454.8,52.8,44.4,33.6
2015-08-16,619.5,997.5,2631.0,679.5,534.0,211.5,12.0,33.0,37.5
2015-08-23,,,,,,,,,
2015-08-30,,,,,,,,,
2015-09-06,1434.0,982.8,1674.0,402.0,438.0,291.6,45.6,32.4,0.0
2015-09-13,1125.6,982.8,1856.4,270.0,641.4,250.8,48.0,2.4,21.6
2015-09-20,506.4,595.2,1339.2,273.6,405.6,301.6,30.0,16.8,2.4
2015-09-27,512.4,812.4,2304.0,418.8,645.6,320.4,39.6,60.0,6.0
2015-10-04,1111.2,850.8,1862.4,568.8,745.2,440.4,64.8,4.8,21.6
2015-10-11,770.4,819.6,1536.0,358.8,733.2,427.4,60.0,0.0,28.8
2015-10-18,434.4,399.6,2428.8,264.0,715.2,706.8,20.4,15.6,0.0
2015-10-25,1246.8,898.8,1932.0,332.4,649.2,330.0,61.2,6.0,0.0
2015-11-01,379.2,526.8,1080.0,258.0,510.0,362.4,31.2,150.0,76.8
2015-11-08,824.4,792.0,2214.0,247.2,621.0,363.6,33.6,10.8,0.0
2015-11-15,955.2,511.2,1357.2,387.6,668.4,72.0,0.0,39.6,0.0
2015-11-22,722.4,964.8,2116.8,204.0,1590.6,146.4,28.8,4.8,2.4
2015-11-29,640.8,721.2,2306.4,109.2,1476.0,288.0,38.4,38.4,0.0
2015-12-06,1342.8,747.6,1932.0,87.6,662.4,198.0,42.0,104.4,3.6
2015-12-13,1119.0,577.5,1201.5,853.5,721.5,390.0,85.5,10.5,0.0
2015-12-20,751.2,606.0,1137.6,552.0,860.4,298.8,78.0,36.0,0.0
2015-12-27,448.0,294.0,990.0,950.0,920.0,164.0,0.0,34.0,0.0
2016-01-03,,,,,,,,,
2016-01-10,426.0,373.2,976.8,14.4,180.0,69.6,4.8,0.0,24.0
2016-01-17,1136.4,534.0,1560.0,555.6,1034.4,250.8,61.2,69.6,4.8
2016-01-24,764.4,712.8,1798.8,306.0,966.6,324.0,117.6,31.2,0.0
2016-01-31,619.2,1306.8,758.4,370.8,427.2,271.2,36.0,0.0,1.2
2016-02-07,1029.6,411.6,1383.6,534.0,779.4,156.0,33.6,72.0,49.2
2016-02-14,951.0,550.5,916.5,508.5,588.75,256.5,30.0,91.5,9.0
2016-02-21,907.2,955.2,1750.8,592.8,1030.8,364.8,110.4,42.0,3.6
2016-02-28,1398.0,1024.8,1534.8,403.2,547.2,282.0,44.4,15.6,0.0
2016-03-06,724.8,705.6,1526.4,261.6,608.4,91.2,4.8,60.0,0.0
2016-03-13,532.8,1017.6,1149.6,441.6,862.2,311.4,120.0,76.8,50.4
2016-03-20,952.8,985.2,2073.6,535.2,1118.4,316.8,68.4,31.2,12.0
2016-03-27,1030.5,601.5,1779.0,549.0,754.5,105.0,7.5,67.5,0.0
2016-04-03,823.5,705.0,2280.0,303.0,622.5,162.0,40.5,22.5,12.0
2016-04-10,1674.0,1213.2,1971.6,440.4,1028.4,163.2,21.6,45.6,1.2
2016-04-17,860.4,1293.6,2042.4,678.0,686.4,244.8,48.0,76.8,3.6
2016-04-24,663.6,1010.4,1227.6,148.8,814.8,258.0,7.2,134.4,0.0
2016-05-01,1404.0,810.0,1275.0,262.5,798.0,372.0,46.5,76.5,28.5
2016-05-08,1288.8,1648.8,1828.8,242.4,691.2,116.4,64.8,28.8,8.4
2016-05-15,794.4,684.0,1638.0,368.4,888.0,45.6,20.4,33.6,6.0
2016-05-22,1080.0,412.8,998.4,172.8,628.2,127.2,22.8,1.2,15.6
2016-05-29,679.5,1485.0,1885.5,232.5,461.25,147.0,48.0,52.5,1.5
2016-06-05,1477.2,1048.8,1796.4,514.8,608.4,297.6,36.0,40.8,0.0
2016-06-12,418.5,606.0,624.0,222.0,889.5,228.0,22.5,24.0,100.5
2016-06-19,1274.4,1514.4,2320.8,634.8,1103.4,492.0,26.4,10.8,6.0
2016-06-26,643.2,405.6,549.6,223.2,606.0,97.2,52.8,0.0,8.4
2016-07-03,1064.4,1098.0,966.0,804.0,1057.8,151.2,28.8,24.0,6.0
2016-07-10,1039.2,1124.4,1140.0,312.0,907.2,202.8,16.8,64.8,12.0
2016-07-17,813.6,1064.4,1916.4,328.8,668.4,157.2,112.8,19.2,24.0
2016-07-24,951.6,943.2,1677.6,457.2,1165.2,403.2,70.8,52.8,57.6
2016-07-31,1012.8,1054.8,1857.6,336.0,666.0,229.2,39.6,55.2,36.0
2016-08-07,1093.2,1435.2,2032.8,376.8,1339.2,213.6,108.0,45.6,22.8
2016-08-14,1084.8,1863.6,2875.2,798.0,1146.0,295.2,25.2,32.4,8.4
2016-08-21,,,,,,,,,
2016-08-28,,,,,,,,,
2016-09-04,250.8,870.0,837.6,398.4,369.6,391.2,38.4,9.6,1.2
2016-09-11,1392.0,1580.4,1910.4,513.6,721.2,206.4,62.4,94.8,21.6
2016-09-18,972.0,1135.2,1688.4,313.2,861.0,277.2,27.6,84.0,19.2
2016-09-25,1190.4,1410.0,1399.2,357.6,856.8,429.6,82.8,88.8,0.0
2016-10-02,1116.0,1155.6,2082.0,549.6,808.8,361.2,44.4,36.0,28.8
2016-10-09,1456.5,1056.0,2190.0,273.0,919.5,586.5,82.5,18.0,112.5
2016-10-16,1342.8,1203.6,2227.2,362.4,753.6,194.4,16.8,56.4,2.4
2016-10-23,1018.8,1498.8,1860.0,230.4,1233.0,217.2,132.0,80.4,9.6
2016-10-30,783.6,1239.6,2462.4,468.0,1036.2,418.8,304.8,40.8,6.0
2016-11-06,889.5,672.0,2485.5,840.0,1779.0,709.5,109.5,9.0,24.0
2016-11-13,2040.0,1932.0,2515.2,812.4,1069.2,638.4,16.8,38.4,6.0
2016-11-20,1617.6,1348.8,2740.8,698.4,1574.4,435.6,64.8,30.0,3.6
2016-11-27,1076.4,847.2,2617.2,459.6,888.0,280.8,92.4,12.0,0.0
2016-12-04,627.0,1134.0,2593.5,613.5,831.0,271.5,48.0,12.0,0.0
2016-12-11,1062.0,751.5,3703.5,981.0,970.5,246.0,105.0,52.5,12.0
2016-12-18,1521.6,1224.0,3678.0,182.4,1351.2,440.4,127.2,128.4,7.2
2016-12-25,914.4,864.2,3697.2,764.4,1300.8,322.8,36.0,63.6,14.4
2017-01-01,0.0,0.0,0.0,0.0,0.0,0.0,0.0,0.0,108.0
2017-01-08,1180.8,1710.0,1928.4,216.0,888.6,292.8,21.6,76.8,1.2
2017-01-15,2042.4,1144.8,4897.2,934.8,2517.0,508.8,32.4,183.6,12.0
2017-01-22,1623.6,1660.8,3532.8,608.4,1207.2,356.4,0.0,273.6,0.0
2017-01-29,1825.2,1023.6,3262.8,397.2,715.2,376.8,154.8,64.8,82.8
2017-02-05,580.8,1843.2,3559.2,494.4,1088.4,394.8,276.0,78.0,32.4
2017-02-12,270.0,595.2,3168.0,646.8,660.0,356.4,31.2,4.8,6.0
2017-02-19,3271.2,1617.6,1874.4,966.0,1638.0,336.0,176.4,120.0,68.4
2017-02-26,866.4,1002.0,3147.6,278.4,1117.8,212.4,99.6,52.8,8.4
2017-03-05,1173.0,1462.5,2830.5,567.0,1521.0,789.0,132.0,90.0,12.0
2017-03-12,260.4,1350.0,4308.0,838.8,946.2,474.6,91.2,145.2,21.6
2017-03-19,1413.6,608.4,2732.4,753.6,908.4,157.2,150.0,0.0,1.2
2017-03-26,1329.6,1093.2,2541.6,327.6,1317.0,157.2,60.0,253.2,12.0
2017-04-02,1154.4,1056.0,3625.2,1071.6,600.6,282.0,184.8,40.8,0.0
2017-04-09,1791.6,1666.8,3121.2,645.6,1566.0,361.2,158.4,226.8,42.0
2017-04-16,102.0,1477.5,1599.0,603.0,1216.5,535.5,87.0,15.0,21.0
2017-04-23,159.0,994.5,2115.0,606.0,1635.75,279.0,91.5,28.5,33.0
2017-04-30,1281.0,693.0,2250.0,304.5,1042.5,262.5,120.0,43.5,0.0
2017-05-07,3420.0,1513.5,1665.0,565.5,1097.25,172.5,156.0,34.5,0.0
2017-05-14,1521.6,1382.4,3292.8,498.0,1007.4,526.8,61.2,10.8,19.2
2017-05-21,560.4,1174.8,3990.0,320.4,716.4,429.6,4.8,126.0,48.0
2017-05-28,2624.4,1195.8,3306.0,583.2,1359.6,576.0,150.0,16.8,2.4
2017-06-04,2295.6,2767.2,1989.6,818.4,1119.6,226.8,136.8,216.0,14.4
2017-06-11,1692.0,2607.6,3045.6,369.6,1291.2,1002.0,145.2,220.8,22.8
2017-06-18,1198.5,1885.5,2800.5,388.5,651.0,310.5,130.5,9.0,13.5
2017-06-25,1297.2,546.0,2016.0,603.6,820.8,381.6,43.2,7.2,9.6
2017-07-02,997.2,715.2,3804.0,754.8,919.2,452.4,70.8,30.0,42.0
2017-07-09,1062.0,44.4,2594.4,1002.0,1060.8,350.4,274.8,27.6,10.8
2017-07-16,1674.0,1232.4,3810.0,492.0,1017.6,325.2,104.4,8.4,34.8
2017-07-23,1164.0,1795.2,2455.2,753.6,914.4,496.8,63.6,12.0,4.8
2017-07-30,957.6,1093.2,2364.0,504.0,409.2,204.0,39.6,7.2,16.8
2017-08-06,1272.0,892.8,2191.2,534.0,1610.4,351.6,79.2,34.8,68.4
2017-08-13,1867.2,1746.0,1837.2,710.4,1413.6,238.8,19.2,160.8,0.0
2017-08-20,,,,,,,,,
2017-08-27,,,,,,,,,
2017-09-03,1869.6,985.2,632.4,612.0,476.4,234.0,61.2,8.4,16.8
2017-09-10,831.6,1162.8,2688.0,811.2,1084.8,386.4,111.6,46.8,0.0
2017-09-17,2262.0,885.6,2127.6,1042.8,1513.2,600.0,50.4,30.0,0.0
2017-09-24,662.4,943.2,3567.6,489.6,843.0,286.8,60.0,62.4,19.2
2017-10-01,1628.4,970.8,3669.6,860.4,1073.4,494.4,0.0,20.4,16.8
2017-10-08,2190.0,2026.5,2608.5,372.0,1377.0,244.5,78.0,81.0,6.0
2017-10-15,1696.8,777.6,2516.4,585.6,810.0,442.8,90.0,72.0,55.2
2017-10-22,1752.0,1813.2,2228.4,579.6,553.2,272.4,79.2,34.8,40.8
2017-10-29,1952.4,1341.6,3100.8,938.4,909.6,584.4,194.4,86.4,22.8
2017-11-05,1339.5,666.0,3136.5,969.0,921.0,261.0,21.0,9.0,79.5
2017-11-12,1826.4,2166.0,2883.6,685.2,1149.0,192.0,68.4,31.2,39.6
2017-11-19,1448.4,1420.8,3202.8,547.2,662.4,302.4,130.8,4.8,0.0
2017-11-26,1359.6,1164.0,3300.0,525.6,652.8,474.0,100.8,62.4,2.4
2017-12-03,1629.0,1098.0,2544.0,936.0,1225.5,390.0,39.0,49.5,19.5
2017-12-10,1126.5,1350.0,3102.0,520.5,1135.5,399.0,39.0,18.0,27.0
2017-12-17,1874.4,2133.6,5053.2,421.2,1231.2,370.8,69.6,4.8,38.4
2017-12-24,459.6,871.2,4293.6,433.2,640.8,277.2,50.4,56.4,0.0
2017-12-31,,,,,,,,,
2018-01-07,636.0,270.0,1605.0,606.0,724.5,129.0,118.5,24.0,0.0
2018-01-14,2380.8,1237.2,3854.4,1638.0,787.2,459.6,9.6,6.0,2.4
2018-01-21,1580.4,1285.2,4020.0,1424.4,825.6,250.8,63.6,21.6,40.8
2018-01-28,1448.4,2113.2,3867.6,306.0,1406.4,402.0,55.2,62.4,8.4
2018-02-04,1224.0,853.2,3639.6,1329.6,886.8,212.4,99.6,37.2,0.0
2018-02-11,2134.8,1122.0,3796.8,820.8,1098.0,498.0,172.8,132.0,36.0
2018-02-18,1639.5,675.0,2725.5,849.0,880.5,58.5,18.0,22.5,25.5
2018-02-25,1548.0,1156.8,3438.0,334.8,938.4,216.0,127.2,52.8,28.8
2018-03-04,873.6,1465.2,2866.8,1128.0,1140.0,290.4,68.4,9.6,3.6
2018-03-11,1188.0,938.4,4702.8,235.2,324.0,159.6,8.4,31.2,6.0
2018-03-18,1545.6,1003.2,2095.2,740.4,1011.6,284.4,55.2,84.0,20.4
2018-03-25,1202.4,727.2,2464.8,835.2,544.8,64.8,40.8,24.0,0.0
2018-04-01,685.5,957.0,2235.0,483.0,363.0,28.5,168.0,60.0,34.5
2018-04-08,1042.5,690.0,1648.5,601.5,543.0,334.5,91.5,19.5,0.0
2018-04-15,1611.6,1255.8,1699.2,405.6,806.4,528.0,102.0,82.8,4.8
2018-04-22,1119.6,1051.2,2038.8,894.0,809.4,114.0,61.2,66.0,20.4
2018-04-29,1833.0,1227.0,2710.5,508.5,1051.5,354.0,280.5,94.5,24.0
2018-05-06,1407.0,747.0,2667.0,874.5,738.0,304.5,36.0,21.0,0.0
2018-05-13,1593.6,1189.2,2923.2,804.0,1123.2,174.0,62.4,68.4,46.8
2018-05-20,1760.4,1315.2,3015.6,369.6,1303.8,314.4,128.4,30.0,1.2
2018-05-27,964.8,980.4,3808.8,572.4,1119.6,439.2,139.2,3.6,0.0
2018-06-03,1489.5,1906.5,5452.5,457.5,1075.5,201.0,12.0,42.0,27.0
2018-06-10,3663.6,1783.2,4758.0,739.2,1362.0,146.4,9.6,4.8,4.8
2018-06-17,2462.4,2060.4,3798.0,814.8,1352.4,513.6,98.4,40.8,9.6
2018-06-24,1680.0,1006.8,2283.6,777.6,1254.0,126.0,12.0,27.6,0.0
2018-07-01,1459.2,708.0,2917.2,498.0,590.4,55.2,24.0,72.0,13.2
2018-07-08,1279.2,859.2,1771.2,403.2,326.4,357.6,132.0,37.2,61.2
2018-07-15,1107.6,928.8,3012.0,370.8,1244.4,402.0,210.0,50.4,14.4
2018-07-22,774.0,1948.8,3798.0,1248.0,669.6,280.8,164.4,24.0,3.6
2018-07-29,1890.0,1376.4,2500.8,633.6,1374.0,536.4,2.4,68.4,7.2
2018-08-05,2047.2,2134.8,4387.2,661.2,1080.0,278.4,156.0,183.6,109.2
2018-08-12,938.4,1124.4,4172.4,1090.8,1159.2,555.6,241.2,216.0,12.0
2018-08-19,,,,,,,,,
2018-08-26,,,,,,,,,
2018-09-02,2568.0,1098.0,2808.0,501.6,951.6,370.2,60.0,38.4,2.4
2018-09-09,1305.6,518.4,2560.8,591.6,717.0,304.8,84.0,0.0,8.4
2018-09-16,430.8,771.6,2564.4,325.2,90.0,237.6,39.6,103.2,40.8
2018-09-23,1834.8,1663.2,3858.0,620.4,979.2,661.8,249.6,157.2,2.4
2018-09-30,1497.6,1606.8,2396.4,788.4,2006.4,346.8,231.6,31.2,21.6
2018-10-07,1647.0,1077.0,4791.0,1677.0,724.5,244.5,52.5,102.0,6.0
2018-10-14,1636.8,812.4,2748.0,1345.2,834.0,657.6,54.0,7.2,21.6
2018-10-21,1490.4,244.8,4292.4,759.6,607.8,345.6,194.4,28.8,21.6
2018-10-28,2210.4,1086.0,3296.4,177.6,733.2,166.8,295.2,67.2,44.4
2018-11-04,859.5,1962.0,4248.0,9.0,920.25,234.0,48.0,24.0,1.5
2018-11-11,1663.2,1768.8,3409.2,100.8,612.0,308.4,72.0,18.0,34.8
2018-11-18,916.8,909.6,3442.8,2270.4,1128.0,228.0,58.8,75.6,0.0
2018-11-25,2016.0,733.2,2958.0,1107.6,1270.8,480.6,26.4,37.2,0.0
2018-12-02,950.4,780.0,3848.4,996.0,858.0,267.6,30.0,13.2,19.2
2018-12-09,1155.6,848.4,1114.8,129.6,326.4,336.0,146.4,38.4,2.4
2018-12-16,1639.2,997.2,4808.4,154.8,871.2,284.4,85.2,27.6,1.2
2018-12-23,1479.6,766.8,2494.4,439.2,841.2,228.0,24.0,49.2,7.2
2018-12-30,,,,,,,,,
2019-01-06,1292.0,684.0,590.0,600.0,934.0,638.0,0.0,64.0,0.0
2019-01-13,1881.6,1090.8,3532.8,574.8,963.6,264.0,175.2,38.4,7.2
2019-01-20,1581.6,1315.2,3591.6,1179.6,949.2,160.8,84.0,211.2,16.8
2019-01-27,1368.0,890.4,2773.2,625.2,1226.4,318.0,127.2,0.0,85.2
2019-02-03,1754.4,115.2,985.2,271.2,775.2,291.6,56.4,0.0,21.6
2019-02-10,2306.4,144.0,2799.6,444.0,1394.4,447.6,67.2,99.6,20.4
2019-02-17,1479.6,646.8,3174.0,372.0,897.6,400.8,81.6,122.4,2.4
2019-02-24,1225.2,3013.2,1723.2,1020.0,1258.8,517.2,46.8,54.0,2.4
2019-03-03,1196.4,1632.0,1719.6,262.8,690.0,717.6,48.0,81.6,0.0
2019-03-10,1689.0,1534.5,2319.0,475.5,934.5,261.0,166.5,67.5,0.0
2019-03-17,760.8,837.6,2319.6,705.6,655.2,177.6,242.4,48.0,2.4
2019-03-24,2277.6,2176.8,3979.2,572.4,798.0,520.8,166.8,1.2,3.6
2019-03-31,2139.6,1173.6,1995.6,588.0,1038.0,394.8,16.8,189.6,38.4
2019-04-07,775.2,1190.4,2548.8,540.0,685.2,309.6,67.2,79.2,7.2
2019-04-14,1095.6,1633.2,3546.0,670.8,702.0,345.6,38.4,76.8,0.0
2019-04-21,1174.5,759.0,2376.0,54.0,442.5,172.5,70.5,90.0,3.0
2019-04-28,1092.0,876.0,1520.0,1016.0,842.0,204.0,244.0,50.0,4.0
2019-05-05,1987.5,2617.5,1351.0,858.0,832.5,235.5,130.5,45.0,0.0
2019-05-12,2089.2,1882.8,2443.2,668.4,1422.0,272.4,262.8,43.2,6.0
2019-05-19,2431.2,1114.8,4627.2,496.8,1066.8,570.0,92.4,28.8,22.8
2019-05-26,1312.8,1274.4,1423.2,261.6,368.4,105.6,117.6,100.8,21.6
2019-06-02,1785.6,1826.4,2776.8,627.6,748.8,104.4,40.8,0.0,24.0
2019-06-09,1034.4,823.2,2168.4,829.2,1269.6,626.4,7.2,21.6,25.2
2019-06-16,2205.0,1530.0,1951.5,531.0,1030.5,195.0,84.0,51.0,6.0
2019-06-23,2439.0,1587.0,2205.0,423.0,538.5,544.5,160.5,39.0,4.5
2019-06-30,1437.0,1776.0,918.0,655.5,783.0,243.0,54.0,9.0,0.0
2019-07-07,1062.0,1112.4,2154.0,295.2,544.8,301.2,46.8,21.6,0.0
2019-07-14,877.2,934.8,984.0,870.0,649.2,142.8,0.0,28.8,0.0
2019-07-21,1436.4,1215.6,1795.2,536.4,768.0,388.8,148.8,6.0,12.0
2019-07-28,1671.6,1070.4,2276.4,556.8,847.2,226.8,42.0,39.6,32.4
2019-08-04,1062.0,1010.4,1632.0,609.6,214.8,142.8,69.6,54.0,21.6
2019-08-11,1528.8,1264.8,1435.2,526.8,723.6,243.6,28.8,62.4,2.4
2019-08-18,,,,,,,,,
2019-08-25,394.8,230.4,720.0,328.8,320.4,150.0,174.0,39.6,0.0
2019-09-01,924.0,475.2,1136.4,415.2,864.0,480.0,124.8,68.4,0.0
2019-09-08,2044.8,1828.8,4072.8,720.0,453.6,499.2,28.8,96.0,16.8
2019-09-15,3249.6,2122.8,2380.8,682.8,1002.0,306.0,74.4,27.6,0.0
2019-09-22,1657.2,1434.0,2337.6,248.4,692.4,152.4,56.4,70.8,14.4
2019-09-29,1444.8,909.6,2001.6,410.4,657.6,301.2,20.4,20.4,3.6
2019-10-06,1202.4,771.6,818.4,667.2,436.8,243.6,111.6,2.4,2.4
2019-10-13,1777.2,1509.6,3628.8,226.8,804.0,253.2,16.8,4.8,0.0
2019-10-20,1119.6,1113.6,1641.6,488.4,326.4,187.2,40.8,124.8,0.0
2019-10-27,1598.4,486.0,1582.8,136.8,796.8,181.2,22.8,74.4,2.4
2019-11-03,1233.0,948.0,1689.0,484.5,963.0,291.0,180.0,0.0,27.0
2019-11-10,1318.8,784.8,1303.2,535.2,772.8,280.8,79.2,0.0,7.2
2019-11-17,874.8,1104.0,1158.0,374.4,549.6,147.6,170.4,300.0,0.0
2019-11-24,493.2,1026.0,1040.4,571.2,523.2,381.6,70.8,24.0,42.0
2019-12-01,1764.0,912.0,2640.0,477.6,1065.6,208.8,38.4,38.4,0.0
2019-12-08,781.2,756.0,1826.4,318.0,703.2,114.0,266.4,12.0,21.6
2019-12-15,669.6,1125.6,1652.4,489.6,469.2,7.2,0.0,56.4,14.4
2019-12-22,2361.6,1432.8,3448.8,1099.2,1053.6,302.4,96.0,132.0,232.8
2019-12-29,1020.0,0.0,0.0,0.0,0.0,0.0,0.0,0.0,0.0
2020-01-05,0.0,30.0,996.0,0.0,162.0,90.0,0.0,54.0,0.0
2020-01-12,816.0,524.4,1357.2,204.0,556.8,258.0,0.0,38.4,43.2
2020-01-19,3567.6,1891.2,3294.0,597.6,1398.0,640.8,434.4,38.4,0.0
2020-01-26,1682.4,836.4,1850.4,691.2,939.6,261.6,134.4,33.6,70.8
2020-02-02,2035.2,1084.8,1281.6,390.0,349.2,43.2,82.8,38.4,21.6
2020-02-09,421.2,2046.0,1404.0,782.4,1653.6,146.4,114.0,124.8,0.0
2020-02-16,1737.6,1998.0,4682.4,1267.2,946.8,582.0,70.8,20.4,9.6
2020-02-23,846.0,2254.8,2348.4,531.6,64.8,780.0,240.0,42.0,14.4
2020-03-01,453.0,733.5,2967.0,459.0,1300.5,315.0,261.0,12.0,0.0
2020-03-08,2317.2,996.0,1046.4,286.8,1225.2,397.2,242.4,192.0,206.4
2020-03-15,2192.0,1096.0,1220.0,776.0,678.0,294.0,24.0,36.0,40.0
